vendor_id,category_vendor_id,name,item,price,max_guests,dp_paket
Makna Wedding & Event Planner,Paket Lengkap,THE SULTAN CONVENTION_1.000 pax,"<strong>FASILITAS</strong>
<ol>
 	<li>Gedung The Sultan Palembang</li>
 	<li>Standard Stage 16x6M</li>
 	<li>Standard Sound System</li>
 	<li>Special 10 Menu 1.000 Pax</li>
 	<li>Sarapan Akad 100 Porsi</li>
 	<li>Free Food Testing for 6 Person</li>
 	<li>Free Electricity Usage 10.000 Watt</li>
 	<li>Free 7 Kamar Deluxe @Salatin Hotel</li>
 	<li>Free Stall 200 Pcs</li>
 	<li>Free 15 Parking VIP</li>
</ol>
<strong>Dokumentasi </strong><strong>By Lenza / Ink / Arsa / Luxury / OnClay (Unfailling)
</strong>
<ol>
 	<li>Photographer &amp; Video Shooting Akad dan Resepsi</li>
</ol>
<strong>Akad</strong>
<ol>
 	<li>Pakaian Akad By RickyIDM, Pinang Masak 2, Topan Sapta</li>
 	<li>Sunting dan Melati Pengantin Akad (excl : Topan Sapta)</li>
 	<li>2 bh Songket Ibu Akad</li>
 	<li>2 bh Pakaian Rumpak Tanjak Bapak Akad</li>
</ol>
<strong>Resepsi</strong>
<ol>
 	<li>Pakaian Resepsi By RickyIDM, Pinang Masak 2, Topan Sapta</li>
 	<li>Sunting dan Melati Pengantin Resepsi (excl : Topan Sapta)</li>
 	<li>2 bh Songket Ibu</li>
 	<li>2 bh Pakaian Rumpak Tanjak Bapak Resepsi</li>
 	<li>Dekorasi Pelaminan Resepsi By Naraya, Hj. Nila, Putri Pinang Masak 2
<ul>
 	<li>Pelaminan Resepsi</li>
 	<li>Mini Garden</li>
 	<li>Standing Flower</li>
 	<li>Dekor Penerima Tamu</li>
 	<li>Dekor Fotobooth</li>
 	<li>Melaminto Jalan</li>
 	<li>Gazebo</li>
 	<li>Kursi &amp; Meja Akad Nikah</li>
</ul>
</li>
</ol>
<strong>MUA (1 Hari)
</strong>
<ol>
 	<li>MUA Pengantin Akad dan Retouch Resepsi  By Ciqa Rizka, Vini, Yuki Pratiwi, Emmacipid, Dina Yustyana</li>
 	<li>MUA Ibu Pengantin 2 Org</li>
 	<li>Hijab Do Ibu Pengantin 2 org</li>
</ol>
<strong>Hiburan</strong>
<ol>
 	<li>Tari Persembahan &amp; Tari Kreasi By Sanggar Rumah Elok</li>
 	<li>Band + Singer + Saxophone By Soulmate, Sachet, Frazky Project</li>
 	<li>2 Org MC Resepsi</li>
 	<li>1 Org MC Akad</li>
</ol>
<strong>Lain - Lain</strong>
<ol>
 	<li>Lulur, Tangas</li>
 	<li>Henna</li>
 	<li>20 item hantaran + 1 box cincin by Bilbo, formysonhantaran</li>
 	<li>Wedding Planner Akad dan Resepsi By Makna Wedding</li>
</ol>
<em><strong>Updated for 2026 by FR</strong></em>",328000000,1000,25000000
Makna Wedding & Event Planner,Paket Lengkap,SRI MELAYU AR-RAHMAH CENTRE (1000 Pax),"<strong>FASILITAS</strong>
<ol>
 	<li>Pelaminan Full Dekorasi :
<ul>
 	<li>Area Foyer</li>
 	<li>Gallery Photo</li>
 	<li>Gate/ Pergola</li>
 	<li>Karpet</li>
 	<li>Bunga Jalan</li>
 	<li>Taman Panggung</li>
 	<li>Pelaminan Utama</li>
 	<li>VIP Gate</li>
</ul>
</li>
 	<li>Pemakaian Ruangan selama 7 Jam</li>
 	<li>Gratis ruangan VIP, Balkon, Ruangan Make Up &amp; ruang Tunggu Keluarga</li>
 	<li>Gratis Pemakaian listrik hingga 10.000 Watt</li>
 	<li>Gratis Pemakaian Kotak Angpao + 4 Buah Buku tamu</li>
 	<li>Proyektor + Giant Screen</li>
 	<li>Sound system + Operator</li>
 	<li>Standar Lighting (Foyer, Bunga Jalan, Pergola, Pelaminan Utama, Gallery Photo)</li>
 	<li>Standar Moving Head Lamp</li>
 	<li>Gratis Pemakaian 15 Unit Tenda Ekslusif</li>
 	<li>Petugas &amp; Kemanan Parkir</li>
 	<li>Catering (Ayam, Ikan, Daging) 1.000 Pax</li>
</ol>
<strong>Hiburan</strong>
<ol>
 	<li>Tari Persembahan</li>
 	<li>Tari Kreasi</li>
 	<li>Band by Soulmate, Frazky, Forte</li>
 	<li>Mc Resepsi 2 orang (Puka, Faysal, Alan, Tania, Bang Dilla, Nata, Thia, Nurwulan)</li>
</ol>
<strong> Akad </strong>
<ol>
 	<li>Pakaian Pengantin Akad By IDM / Topan Sapta / Pinang Masak 2</li>
 	<li>Sunting dan Melati Pengantin Akad (Excl. Topan)</li>
 	<li>2 bh Songket Ibu Akad</li>
 	<li>2 bh Pakaian Rumpak Tanjak Bapak Akad</li>
</ol>
<strong>Resepsi </strong>
<ol>
 	<li>Pakaian Pengantin Resepsi By IDM, Topan Sapta, Pinang Masak 2</li>
 	<li>Sunting dan Melati Pengantin Resepsi (Excl. Topan)</li>
 	<li>2 bh Songket Ibu Resepsi</li>
 	<li>2 bh Pakaian Rumpak Tanjak Bapak Resepsi</li>
</ol>
<strong>Dokumentasi By Java/Luminore/ Lenza 1 Hari / Arsa</strong>
<ol>
 	<li>Photographer &amp; Video Shooting Akad dan Resepsi</li>
</ol>
<strong>Tata Rias By Ciqa Rizka, Miao Miao, Vini, Dina Y, indahashaa</strong>
<ol>
 	<li>Tata Rias Pengantin</li>
 	<li>Tata Rias Ibu Pengantin 2 Org by team</li>
</ol>
<strong>Lain - Lain</strong>
<ol>
 	<li>2 Kamar Hotel 1 malam</li>
 	<li>Henna by Nia Henna Art, Lala Zahenna</li>
 	<li>Lulur Tangas by Idha HomeSpa</li>
 	<li>20 item hantaran + 1 box cincin by Bilbo, formysonhantaran</li>
 	<li>Wo Akad dan Resepsi By Makna Wedding</li>
</ol>
<strong>Note :</strong>

Sudah termasuk Charge dan Sarapan Akad Nikah di Gedung di hari yang sama dikenakan biaya Rp. 10.000.000,- termasuk sarapan

<em><strong>Updated 2026 by RN</strong></em>",216350000,1000,25000000
Makna Wedding & Event Planner,Paket Lengkap,GOLDEN SRIWIJAYA_1.000 pax,"<strong>FASILITAS GRAND BALLROOM HALL A-B-C</strong>
<ol>
 	<li>Penggunaan Grand Balroom selama 7jam (Akad nikah dan Resepsi)</li>
 	<li>Prasmanan 1000 pax (3 lauk utama: ayam, ikan, daging) by Golden Sriwijaya Catering</li>
 	<li>3 Lighting standart + lampu parlet 8 pcs</li>
 	<li>Pagar VIP</li>
 	<li>LCD Proyektor dan Screen 3 x 4</li>
 	<li>Standart sound system</li>
 	<li> Listrik 10.000 watt</li>
 	<li>Round table VIP 10 pcs</li>
 	<li>Kursi futura 900 unit</li>
 	<li>Ruang transit keluarga</li>
</ol>
<strong>Dokumentasi By Lenza 1 Hari / Arsa / ink photo
</strong>
<ol>
 	<li>Photographer &amp; Video Shooting Akad dan Resepsi</li>
</ol>
<strong>Akad         </strong>

1. Pakaian Akad By Putri Pinang Masak II, IDM, Topan Sapta

2. Sunting, Melati Pengantin Resepsi (exc. Topan)

3. 2 pcs Songket Ibu Akad

4. 2 pcs Pakaian Rumpak Tanjak Bapak Akad

<strong>Resepsi </strong>
<ol>
 	<li>Pelaminan Resepsi By Succes, Simplyline, Hj. Nila, PPM 2</li>
 	<li>Pakaian Resepsi By Putri Pinang Masak II, IDM, Topan Sapta</li>
 	<li>Sunting, Melati Pengantin Resepsi (exc. Topan)</li>
 	<li>2 bh Songket Ibu</li>
 	<li>2 bh Pakaian Rumpak Tanjak Bapak Resepsi</li>
</ol>
<strong>Tata Rias   </strong>
<ol>
 	<li>Tata Rias Pengantin Akad dan Resepsi by Ciqarizka, Miao, Indah Ashaa, Shanty N, makeupxvini, yukipratiwi, dina yustiana (1 Hari)</li>
 	<li>Tata Rias Ibu Pengantin 2 Org Akad dan Resepsi by team</li>
</ol>
<strong>Hiburan</strong>
<ol>
 	<li>Tari Persembahan &amp; Tari Kreasi</li>
 	<li>Full Band + Singer</li>
 	<li>2 Org MC resepsi</li>
 	<li>1 org MC Akad</li>
</ol>
<strong>Lain - Lain</strong>
<ol>
 	<li>Hantaran 10 Akrilik, 10 Rotan dan Kotak Emas Kawin by Bilbo, formysonhantaran</li>
 	<li>Lulur Tangas</li>
 	<li>Henna by lalazahenna, ulie ag, viarthenna</li>
 	<li>Wedding Planner Akad dan Resepsi</li>
 	<li>Free 2 Orang Penerima Tamu</li>
</ol>
<em><strong>Update by RN for 2025</strong></em>",244850000,1000,25000000
Makna Wedding & Event Planner,Paket Lengkap,GHL EVERGREEN_1.000 pax,"<strong>Fasilitas</strong>
<ol>
 	<li>Ballroom GHL Evergreen</li>
 	<li>Kursi + Cover</li>
 	<li>Sofa</li>
 	<li>Round Table</li>
 	<li>Sound System</li>
 	<li>Lighting</li>
 	<li>Ruangan Full Ac</li>
 	<li>Solo Orgen + Singer</li>
 	<li>Dekorasi By Eviar Wedding</li>
</ol>
<ul>
 	<li>Pelaminan</li>
 	<li>Mini Garden</li>
 	<li>Gazebo</li>
 	<li>Standing Flower</li>
 	<li>Red Carpet</li>
 	<li>Photobooth</li>
 	<li>Meja Registrasi</li>
 	<li>Box Angpao</li>
</ul>
<strong>Catering By Diraniga</strong>
<ol>
 	<li>Catering 1000 Pax Menu (Ayam, Daging)</li>
</ol>
<strong>Hiburan </strong>
<ol>
 	<li>Tari Persembahan &amp; Tari Kreasi</li>
 	<li>Solo Keyboard dan Singer</li>
</ol>
<strong>Pakaian Resepsi By IDM, Topan Sapta, Pinang Masak II</strong>
<ol>
 	<li>Pakaian Resepsi  Pengantin</li>
 	<li>Melati dan Sunting Pengantin Resepsi <em>(exc. Topan Sapta)</em></li>
 	<li>2 bh Songket Ibu</li>
 	<li>2 bh Pakaian Rumpak Tanjak Bapak Resepsi</li>
</ol>
<strong>Pakaian Akad By IDM, Topan Sapta, Pinang Masak II</strong>
<ol>
 	<li>Pakaian Akad Pengantin</li>
 	<li>Melati dan Sunting Pengantin Akad <em>(exc. Topan Sapta)</em></li>
 	<li>2 bh Songket Ibu Akad</li>
 	<li>2 bh Pakaian Rumpak Tanjak Bapak Akad</li>
 	<li>Dekorasi Akad Nikah <strong>By Eviar Dekor</strong></li>
</ol>
<strong>DOKUMENTASI
Photographer &amp; Video Shooting Akad dan Resepsi By Java Photo / Luminore / Lenza Photo
</strong>
<ol>
 	<li>2 Fotografer &amp; 1 Videografer</li>
 	<li>Liputan Foto Video Akad &amp; Resepsi (Max. 2 Hari)</li>
 	<li>Wedding Clip 1 Menit</li>
 	<li>1 Album Kolase 20x30 15 Sheet + Box Standart</li>
 	<li>All Files Via Online Drive</li>
</ol>
<strong>Tata Rias By Ciqarizka, MakupxVini, Dina Y</strong>
<ol>
 	<li>Tata Rias Pengantin</li>
 	<li>Tata Rias Ibu Pengantin 2 Org by Team</li>
</ol>
<strong>Lain - Lain </strong>
<ol>
 	<li>Free 2 Kamar Hotel 1 Malam</li>
 	<li>WO Akad Resepsi</li>
 	<li>20 Kotak Hantaran, 1 kotak Emas Kawin dan Free Hias <strong>By The Kayoe.id, Seadara, Bilbo, The Kayoe</strong></li>
 	<li>Henna <strong>by Nia Henna Art, Lalaza Henna, Ulie Ag</strong></li>
 	<li>Lulur Tangas</li>
 	<li>Free 2 Orang Penerima Meja Tamu <strong>By Makna</strong></li>
</ol>
Notes : Belum termasuk Charge Akad di Gedung Rp. 10.000.000,-

<em><strong>Update by Hera 2024</strong></em>",170500000,1000,25000000
Makna Wedding & Event Planner,Paket Lengkap,GRAHA KM 7_1.000 pax,"<p><strong>Fasilitas</strong></p>

<ol>
 	<li>1.000 kursi exclusive lengkap dengan sarung</li>
 	<li>Dekorasi:Pelaminan, Gazebo dan Standing flower, Dekorasi Photobooth</li>
 	<li>VIP Room kapasitas 80 orang</li>
 	<li>Sound System berkualitas</li>
 	<li>Kapasitas Aula Utama 1000 orang</li>
 	<li>Full AC standing</li>
 	<li>Keyboard + Singer</li>
 	<li>1 orang Qori</li>
 	<li>1 orang MC</li>
</ol>
<strong>Catering By Hj Nila/Diraniga</strong>
<ol>
 	<li>Catering Menu 1.000 Porsi  (Ayam, Ikan, Daging)</li>
</ol>
<p><strong>Akad</strong></p>

<ol>
 	<li>Busana Pengantin Akad  By RickyIDM, PPM 2, Topan S</li>
 	<li>Sunting, Melati Pengantin Akad, Sunting (exc. Topan S)</li>
 	<li>2 Stel Songket lbu Akad</li>
 	<li>2 Stel Kain Tajung Bapak</li>
 	<li>Meja + Kursi Akad Nikah</li>
</ol>
<p><strong>Resepsi</strong></p>

<ol>
 	<li>Busana Pengantin Resepsi By RickyIDM, PPM 2, Topan S</li>
 	<li>Sunting, Melati Pengantin Resepsi (exc. Topan)</li>
 	<li>2 Stel Songket lbu</li>
 	<li>2 Stel Beskap &amp; Rumpak Tanjak Bapak</li>
</ol>
<p><strong>Tata Rias By Ciqarizka, Indahashaa, Makeupxvini, Dina Yustiana</strong></p>

<ol>
 	<li>Tata Rias Pengantin Akad Resepsi</li>
 	<li>2 Orang Tata Rias lbu Akad Resepsi by team MUA</li>
</ol>
<p><strong>DOKUMENTASI
Photographer &amp; Video Shooting Akad dan Resepsi By Java Photo / Luminore/Lenza Photo (1 hari)</strong></p>

<ol>
 	<li>Photographer &amp; Video Shooting Akad dan Resepsi</li>
 	<li>2 Fotografer &amp; 1 Videografer</li>
 	<li>Liputan Foto Video Akad &amp; Resepsi Max 2 hari</li>
 	<li>1 Album Kolase Uk. 20×30 15 Sheet Box Standart</li>
 	<li>All Files Via Online Drive</li>
</ol>
<strong>Hiburan Resepsi</strong>
<ol>
 	<li>Tari Persembahan &amp; Tari Kreasi</li>
 	<li>2 Orang MC resepsi</li>
</ol>
<p><strong>Lain - Lain</strong></p>

<ol>
 	<li>WO Akad &amp; Resepsi by Makna Wedding</li>
 	<li>Henna by Ulie Ag, lalazahenna</li>
 	<li>Lulur &amp; Tangas</li>
 	<li>20 Buah Keranjang Hantaran dan 1 Buah Tempat Mas Kawin by Bilbo, formysonhantaran</li>
 	<li>Free 2 Orang Penerima Tamu</li>
</ol>
<strong>Updated for 2025 by FR</strong>",167000000,1000,25000000
Makna Wedding & Event Planner,Paket Lengkap,OPI CONVENTION CENTER_1.000 pax,"<p><strong>Gedung Opi Convention Center</strong></p>

<ol>
 	<li>Pemakaian Ballroom 4 Jam</li>
 	<li>Dekorasi Resepsi Standart</li>
 	<li>Karpet Merah &amp; Standing Flowers Standart</li>
 	<li>MC 1 Orang ( Jadikan MC Akad di gedung)</li>
 	<li>Sound System</li>
 	<li>Infokus + Layar Screen</li>
 	<li>2 Buku Tamu</li>
 	<li>2 Kotak Angpao</li>
 	<li>1000 Kursi + Cover</li>
 	<li>Perlengkapan Meja Prasmanan</li>
</ol>
<p><strong>Hiburan</strong></p>

<ol>
 	<li>Tari Persembahan &amp; Tari Kreasi By Sanggar Citra</li>
 	<li>2 orang MC Resepsi</li>
 	<li>Full Band 2 Singer by Soulmate</li>
</ol>
<strong>Catering</strong>
<ol>
 	<li>Menu Buffet Ayam Ikan Daging By Hj. Nila, Diraniga</li>
</ol>
<p><strong>Akad</strong></p>

<ol>
 	<li>Pakaian Akad IDM, Topan Sapta, PPM 2</li>
 	<li>Sunting + Melati (Exc. Topan)</li>
 	<li>2 Bh Songket Ibu Akad</li>
 	<li>2 Bh Pakaian Rumpak Tanjak Bapak Akad</li>
 	<li> Meja Kursi Akad</li>
</ol>
<p><strong>Resepsi</strong></p>

<ol>
 	<li>Pakaian Resepsi IDM, Topan Sapta, PPM 2</li>
 	<li>Sunting + Melati (Exc. Topan)</li>
 	<li>2 Bh Songket Ibu Resepsi</li>
 	<li>2 Bh Pakaian Rumpak Tanjak Bapak Resepsi</li>
</ol>
<p><strong>Dokumentasi By Java/Luminore/ Lenza 1 Hari</strong></p>

<ol>
 	<li>Photographer &amp; Video Shooting Akad dan Resepsi</li>
</ol>
<p><strong>Tata Rias </strong></p>

<ol>
 	<li>Tata Rias Pengantin Akad Dan Resepsi By Vini / Ciqa / Dina / Shanty Nugraha / Indah Ashaa</li>
 	<li>Tata Rias Ibu Pengantin 2 Org Akad Dan Resepsi By Asst. Mua</li>
</ol>
<p><strong>Lain – Lain</strong></p>

<ol>
 	<li>Free 2 Kamar Hotel 1 Malam</li>
 	<li>20 Keranjang Hantaran + 1 Kotak Mas Kawin By Bilbo, Formysons</li>
 	<li>Henna By Ulie Ag, Lala Zahenna, Viarthenna</li>
 	<li>Lulur &amp; Tangas</li>
 	<li>Wedding Planner + Organizer Akad &amp; Resepsi</li>
 	<li>Free 2 Org Meja Tamu</li>
</ol>
<strong><em>UPDATE 2025 - FN </em></strong>",200000000,1000,25000000
Makna Wedding & Event Planner,Paket Lengkap,PUSRI GRAND BALLROOM_1.000 pax,"<strong>Fasilitas</strong>
<ol>
 	<li>Kapasitas 1200 Tamu</li>
 	<li>AC Central</li>
 	<li>Set Sofa VIP</li>
 	<li>Round Tabel 10 Pcs</li>
 	<li>Kursi Futura + Sarung dan Pita</li>
 	<li>Screen Proyektor + Proyektor</li>
 	<li>Sound System</li>
 	<li>Main Stage</li>
 	<li>Ruang Ganti Perempuan dan Laki-laki</li>
 	<li>Ruang Catering</li>
 	<li>Ruang Soundsystem</li>
 	<li>Toilet Perempuan &amp; Laki-laki</li>
 	<li>Area Parkir</li>
 	<li>Service Keamanan + Kebersihan</li>
</ol>
<strong>Catering by Hj. Nila, Diraniga
</strong>
<ol>
 	<li>Prasmanan Resepsi Ayam, Ikan, Daging 1000 Porsi</li>
 	<li>Sarapan Akad 100 Porsi</li>
</ol>
<strong>Dekorasi Resepsi by Success Decoration, Simplyline, PPM2
</strong>
<ol>
 	<li>Pelaminan</li>
 	<li>Standing flower</li>
 	<li>Taman Panggung</li>
 	<li>Karpet Jalan</li>
 	<li>Gazebo</li>
 	<li>Dekorasi potobooth</li>
 	<li>Meja Kotak Angpao</li>
 	<li>Meja Kursi Akad</li>
</ol>
<strong>Pakaian Akad by IDM, Pinang Masak II, Topan Sapta</strong>
<ol>
 	<li>Busana Pengantin Akad by PPM2/RickyIDM/Topan S</li>
 	<li>Sunting, Melati Pengantin Akad (Exc. Topan Sapta)</li>
 	<li>2 Stel Songket lbu Akad</li>
 	<li>2 Stel Beskap &amp; Rumpak Tanjak Bapak</li>
</ol>
<strong>Pakaian Resepsi by IDM, Pinang Masak II, Topan Sapta</strong>
<ol>
 	<li>Busana Pengantin Resepsi PPM2/RickyIDM/TopanS</li>
 	<li>Sunting, Melati Pengantin Resepsi (Exc. Topan Sapta)</li>
 	<li>2 Stel Songket lbu</li>
 	<li>2 Stel Beskap &amp; Rumpak Tanjak Bapak</li>
</ol>
<strong>Make Up
</strong>
<ol>
 	<li>Tata Rias Pengantin By Ciqa Rizka, Vini, yukipratiwi, Dina Y</li>
 	<li>Tata Rias 2 Mama</li>
</ol>
<strong>Dokumentasi By Luminore / Java / Ink / Lenza (1 Hari)</strong>

1. Photographer &amp; Video Shooting Akad dan Resepsi

<strong>Hiburan</strong>
<ol>
 	<li>Full Band 2 Singer by Soulmate</li>
 	<li>Tarian Persembahan dan Tari Kreasi by Sanggar Citra</li>
 	<li>2 Org MC Resepsi (Cek Poppy, Thia Nisthilia, Puka, Dede Hasan, Faysal Ramadhan, Maruli, Dimas, dll)</li>
 	<li>1 org MC Akad</li>
</ol>
<strong>Lain lain</strong>
<ol>
 	<li>Henna by Ulie Ag, Lalaza Henna</li>
 	<li>Lulur Tangas by Idha Home Spa</li>
 	<li>20 Buah Keranjang Hantaran By Bilbo, formysonhantaran</li>
 	<li>WO Akad &amp; Resepsi By Makna</li>
 	<li>Free 2 Orang Penerima Tamu</li>
</ol>
<strong>Updated by Fira for 2026</strong><em>
</em>",210000000,1000,25000000
Makna Wedding & Event Planner,Paket Lengkap,AL AZHAR CONVENTION CENTER_1.000 pax,"<strong>Fasilitas Gedung</strong>
<ol>
 	<li>Panggung Uk. 12x5 m</li>
 	<li>Sound System 15.000 Watt</li>
 	<li>Lighting System</li>
 	<li>Ac 56 pk</li>
 	<li>Genset 150 KVA</li>
 	<li>Kursi Futura 700 unit</li>
 	<li>Ruang Vip Dgn 10 Round Table Dan 100 Kursi + Cover Kursi</li>
 	<li>Pemakaian Gedung Dari Pagi Hingga Siang Hari Dihari H</li>
 	<li>16 Set Sofa Vip + Meja Kaca</li>
 	<li>Screen &amp; Projector</li>
 	<li>Keamanan &amp; Kebersihan Gedung</li>
 	<li>Parkir Area Untuk 70 Mobil Di Halaman Gedung</li>
 	<li>Ruang Tunggu Pengantin</li>
 	<li>Ruang Ganti Pakaian Pengisi Acara</li>
 	<li>Pelaminan Resepsi By Harvest, Success</li>
 	<li>Meja Kursi Akad</li>
 	<li>Keyboard + Singer</li>
 	<li>MC 2 Org</li>
</ol>
<strong>Catering</strong>
<ol>
 	<li>Catering 1000 Pax By Diraniga (Ayam, Ikan, Daging)</li>
</ol>
<strong>Hiburan</strong>
<ol>
 	<li>Tari Persembahan &amp; Tari Kreasi</li>
</ol>
<strong>Pakaian Resepsi</strong>
<ol>
 	<li>Pakaian Resepsi + Melati By IDM, Topan Sapta, Pinang Masak 2</li>
 	<li>Sunting Pengantin (excl. Topan Sapta)</li>
 	<li>2 bh Songket Ibu</li>
 	<li>2 bh Pakaian Rumpak Tanjak Bapak Resepsi</li>
</ol>
<strong>Pakaian Akad</strong>
<ol>
 	<li>Pakaian Akad, Sunting, Melati By Melati IDM, Topan Sapta, Pinang Masak 2</li>
 	<li>Sunting Pengantin (excl. Topan Sapta)</li>
 	<li>2 bh Songket Ibu Akad</li>
 	<li>2 bh Pakaian Rumpak Tanjak Bapak Akad</li>
</ol>
<strong>Dokumentasi By Java, Luminore, Lenza (1 hari)</strong>
<ol>
 	<li>Photographer &amp; Video Shooting Akad dan Resepsi</li>
 	<li>2 Fotografer &amp; 1 Videografer</li>
 	<li>Liputan Foto Video Akad &amp; Resepsi Max 2 hari</li>
 	<li>1 Album Kolase Uk. 20×30 15 Sheet Box Standart</li>
 	<li>DVD All Files Wedding</li>
</ol>
<strong>Tata Rias Akad dan Resepsi</strong>
<ol>
 	<li>Tata Rias Pengantin Bu Miao, Ciqa Rizka, Vini</li>
 	<li>Tata Rias Ibu Pengantin 2 Org</li>
</ol>
<strong>Lain - Lain</strong>
<ol>
 	<li>Wo Akad dan Resepsi By Makna Wedding</li>
 	<li>Henna by Lalaza Henna, Ulie AG</li>
 	<li>Lulur Tangas by Idha Home spa</li>
 	<li>Free 2 Kamar Hotel 1 Malam</li>
 	<li>Free 2 Orang Penerima Tamu</li>
 	<li>Free Wedding Book Planner</li>
 	<li>Free 4 Buku Tamu</li>
</ol>
Update by Fr for 2025",156500000,1000,25000000
Makna Wedding & Event Planner,Paket Lengkap,SUKARIA_1.000 pax,"<strong>Fasilitas</strong>
<ol>
 	<li>Pelaminan Resepsi by Sukaria (Nasional, Palembangan, Adat Jawa)</li>
 	<li>Keyboard + Singer</li>
 	<li>Ruang makan VIP Full AC</li>
 	<li>Sofa + Meja Tamu VIP</li>
 	<li>Taman Depan Panggung</li>
 	<li>Standing Flower</li>
 	<li>Ruangan Full AC</li>
 	<li>Kursi 1000 unit</li>
 	<li>2 Unit kotak amplop + 2 meja registrasi tamu</li>
 	<li>3 Unit standing foto</li>
 	<li>2 bh keranjang souvenir</li>
 	<li>Sound System Standart</li>
 	<li>Galeri Photo</li>
</ol>
<strong>Catering By Hj Nila/Diraniga</strong>
<ol>
 	<li>Resepsi 1000 Pax Menu A (ayam, daging)</li>
 	<li>Akad 100 Pax Lontong Sayur + Kopi Teh</li>
</ol>
<strong>DOKUMENTASI</strong>

<strong>Photographer &amp; Video Shooting Akad dan Resepsi By Lenza/Arsa/Ink/Kitarindu </strong>

<strong>Akad </strong>
<ol>
 	<li>Pakaian Akad By IDM, Topan Sapta, PPM 2</li>
 	<li>Melati dan Sunting Pengantin Akad ( Excl. Topan )</li>
 	<li>2 bh Songket Ibu Akad</li>
 	<li>2 bh Pakaian Rumpak Tanjak Bapak Akad</li>
</ol>
<strong>Resepsi</strong>
<ol>
 	<li>Pakaian Resepsi By IDM, Topan Sapta, PPM 2</li>
 	<li>Melati dan Sunting Pengantin Resepsi ( Excl. Topan )</li>
 	<li>2 bh Songket Ibu</li>
 	<li>2 bh Pakaian Rumpak Tanjak Bapak Resepsi</li>
</ol>
<strong>Tata Rias By</strong> <strong>Indah Asyha, Vini, Ciqa Rizka, Yuki Prawtiwi, Dina Yustyana</strong>
<ol>
 	<li>Tata Rias Pengantin Akad dan Retouch Resepsi</li>
 	<li>Tata Rias Ibu Pengantin 2 Org</li>
</ol>
<strong>Hiburan </strong>
<ol>
 	<li>Tari Persembahan &amp; Tari Kreasi by Sanggar Rumah Elok</li>
 	<li>MC Resepsi 1 Pasang</li>
 	<li>MC Akad 1 Orang</li>
</ol>
<strong>Lain - Lain </strong>
<ol>
 	<li>Henna by Ulie AG, Lalazahenna</li>
 	<li>20 Kotak Hantaran + 1 Kotak Mas Kawin by Bilbo/Formyson</li>
 	<li>Lulur, Tangas by Idha Home Spa</li>
 	<li>Wedding Planner &amp; Organizer by Makna Wedding</li>
 	<li>Free 2 Kamar Hotel 1 Malam</li>
</ol>
<strong><em>Updated 8/12/25 by Fr</em></strong>",156000000,1000,25000000
Makna Wedding & Event Planner,Paket Lengkap,UIN RADEN FATTAH_1.000 pax,"<strong>FASILITAS</strong>
<ul>
 	<li>Sound System Standart + Solo Keyboard + Singer</li>
</ul>
<strong>CATERING</strong>
<ul>
 	<li>By Diraniga dan Success</li>
 	<li>Catering 1.000 Porsi Menu A</li>
</ul>
<strong>Dokumentasi
Photographer &amp; Video Shooting Akad dan Resepsi By Java Photo / Luminore
Prewedding</strong>
<ul>
 	<li>1 Lokasi Java Studio / 1 Titik Lokasi Luminore</li>
 	<li>2 Konsep</li>
 	<li>2 Buah Cetak 60 x 40 + Frame Minimalis</li>
 	<li>20 Edit Foto</li>
 	<li>All Files Via Online Drive</li>
</ul>
<strong>Wedding</strong>
<ul>
 	<li>2 Fotografer &amp; 1 Videografer</li>
 	<li>Liputan Foto Video Akad &amp; Resepsi (Max. 2 Hari)</li>
 	<li>Wedding Clip 1 Menit</li>
 	<li>1 Album Kolase 20x30 15 Sheet + Box Standart</li>
 	<li>All Files Via Online Drive</li>
</ul>
<strong>Photographer &amp; Video Shooting Akad dan Resepsi </strong><strong>By Lenza Photo</strong>
<ul>
 	<li>2 Fotografer &amp; 1 Videografer</li>
 	<li>Liputan Foto Video Akad &amp; Resepsi (Max. 1 hari)</li>
 	<li>1 Album Kolase Uk. 20×30 15 Sheet Box Standart</li>
 	<li>DVD All Files Wedding</li>
</ul>
<strong>RESEPSI</strong>
<ul>
 	<li>Pelaminan Resepsi By Success Wedding</li>
 	<li>Pakaian Resepsi By IDM, Iin Ellegance</li>
 	<li>Melati Pengantin Resepsi By IDM, Iin Ellegance</li>
 	<li>2 bh Songket Ibu By IDM, Iin Ellegance</li>
 	<li>2 bh Pakaian Rumpak Tanjak Bapak Resepsi By IDM, Iin Ellegance</li>
</ul>
<strong>AKAD</strong>
<ul>
 	<li>Pakaian Akad By IDM, Iin Ellegance</li>
 	<li>Melati Pengantin Akad By IDM, Iin Ellegance</li>
 	<li>2 bh Songket Ibu Akad By IDM, Iin Ellegance</li>
 	<li>2 bh Pakaian Rumpak Tanjak Bapak Akad By IDM, Iin Ellegance</li>
 	<li>Pelaminan Akad By Success Wedding</li>
 	<li>20 Buah Keranjang Hantaran dan 1 buah Kotak Mas Kawin by Decor Story, Seadara, Bilbo</li>
</ul>
<strong>TATA RIAS By Miao Miao</strong>
<ul>
 	<li>Tata Rias Pengantin Akad dan Resepsi</li>
 	<li>Tata Rias Ibu Pengantin 2 Org Akad dan Resepsi</li>
</ul>
<strong>HIBURAN</strong>
<ul>
 	<li>Tari Persembahan &amp; Tari Kreasi</li>
</ul>
<strong>LAIN LAIN</strong>
<ul>
 	<li>Free 2 kamar hotel 1 malam</li>
 	<li>Wedding Planner Akad dan Resepsi By Makna Wedding</li>
 	<li>Henna by Nia Henna Art, Ulie AG, Lala Zahenna</li>
 	<li>Free 2 Orang Penerima Meja Tamu</li>
</ul>",120000000,1000,25000000
Makna Wedding & Event Planner,Paket Lengkap,DIKLAT PENERBANGAN_1.000 pax,"<p><strong>Fasilitas Gedung</strong></p>

<ol>
 	<li>Gedung Diklat Penerbangan</li>
 	<li>Kursi 600 Unit ( 400 Futura, 200 Plastik )</li>
 	<li>Ruang Vip ( 4 Roundtable, Kapasitas 28 Orang )</li>
 	<li>Sofa Vip</li>
 	<li>Proyektor</li>
 	<li>1 Kamar Hotel OYO Untuk Makeup Pengantin Menginap 1 Malam</li>
</ol>
<p><strong>Catering By Hj Nila/Diraniga</strong></p>

<ol>
 	<li>1000 Pax Menu Utama Ayam Daging</li>
</ol>
<p><strong>Dekorasi Pelaminan Standar By Eviar, Success, Simplyline</strong></p>

<ol>
 	<li>Pelaminan panggung</li>
 	<li>Gazebo</li>
 	<li>Standing Flower</li>
 	<li>Mini Garden</li>
 	<li>Karpet Jalan</li>
</ol>
<p><strong>Akad</strong></p>

<ol>
 	<li>Pakaian Akad IDM, Topan Sapta, PPM 2</li>
 	<li>Sunting + Melati (Exc. Topan)</li>
 	<li>2 Bh Songket Ibu Akad</li>
 	<li>2 Bh Pakaian Rumpak Tanjak Bapak Akad</li>
</ol>
<p><strong>Resepsi</strong></p>

<ol>
 	<li>Pakaian Resepsi IDM, Topan Sapta, PPM 2</li>
 	<li>Sunting + Melati (Exc. Topan)</li>
 	<li>2 Bh Songket Ibu Resepsi</li>
 	<li>2 Bh Pakaian Rumpak Tanjak Bapak Resepsi</li>
</ol>
<p><strong>Dokumentasi</strong></p>
<p><strong>Photographer &amp; Video Shooting Akad Dan Resepsi By Java Photo / Luminore</strong></p>

<ol>
 	<li>2 Fotografer &amp; 1 Videografer</li>
 	<li>Liputan Foto Video Akad &amp; Resepsi (Max. 2 Hari)</li>
 	<li>Wedding Clip 1 Menit</li>
 	<li>1 Album Kolase 20x30 15 Sheet + Box Standart</li>
 	<li>All Files Via Online Drive</li>
</ol>
<p><strong>Photographer &amp; Video Shooting Akad Dan Resepsi By Lenza Photo</strong></p>

<ol>
 	<li>2 Fotografer &amp; 1 Videografer</li>
 	<li>Liputan Foto Video Akad &amp; Resepsi (Max. 1 Hari)</li>
 	<li>1 Album Kolase Uk. 20×30 15 Sheet Box Standard</li>
 	<li>All Files Via Online Drive<strong> </strong></li>
</ol>
<p><strong>Tata Rias</strong></p>

<ol>
 	<li>Tata Rias Pengantin Akad Dan Resepsi By Ciqa, Indah Asha, Vini, Dina Y, Yuki Pratiwi ( 1 Hari )</li>
 	<li>Tata Rias Ibu Pengantin 2 Org Akad Dan Resepsi By Team</li>
</ol>
<p><strong>Hiburan</strong></p>

<ol>
 	<li>Solo Keyboard + Singer By Soulmate</li>
 	<li>Sound System</li>
 	<li>Tarian Persembahan Dan Tari Kreasi By Sanggar Citra</li>
</ol>
<p><strong>Lain – Lain</strong></p>

<ol>
 	<li>20 Keranjang Hantaran + 1 Kotak Mas Kawin by Bilbo, The Kayoe, Seadara</li>
 	<li>Henna By Ulie AG, Lalazahenna, Viathenna</li>
 	<li>Lulur Tangas by Idha Home Spa</li>
 	<li>MC Resepsi 1 Pasang</li>
 	<li>Wedding Planner + Organizer Akad &amp; Resepsi by Makna Wedding</li>
</ol>
<strong><em>Update for 2025 by RN</em></strong>",148500000,1000,25000000
Makna Wedding & Event Planner,Paket Lengkap,ASRAMA HAJI_1.000 pax,"<p><strong>Gedung Asrama Haji</strong></p>

<ol>
 	<li>Kursi 800 Bh Dalam Ruangan</li>
 	<li>kursi 200 Bh diuar</li>
 	<li>2 Baris Kursi VIP Sofa</li>
 	<li>Free Kamar Madinah Untuk Ruang Make Up</li>
 	<li>Ruangan VIP Dan Meja Round Table</li>
 	<li>Tenda 8 Unit</li>
 	<li>Proyektor Dan Layar</li>
</ol>
<p><strong>Dekorasi By Success, Eviar</strong></p>

<ol>
 	<li>Pelaminan Resepsi</li>
 	<li>Mini Garden</li>
 	<li>Karpet Jalan</li>
 	<li>Gazebo</li>
 	<li>Standing Flower</li>
</ol>
<p><strong>Akad By IDM, Topan Sapta, Putri Pinang Masak II </strong></p>

<ol>
 	<li>Pakaian Pengantin Akad</li>
 	<li>Melati, Sunting ( Exc. Topan )</li>
 	<li>2 bh Songket Ibu Akad</li>
 	<li>2 bh Pakaian Rumpak Tanjak Bapak Akad</li>
 	<li>Pelaminan Akad</li>
</ol>
<p><strong>Resepsi By IDM, Topan Sapta, Putri Pinang Masak II </strong></p>

<ol>
 	<li>Pakaian Pengantin Resepsi</li>
 	<li>Melati, Sunting ( Exc. Topan )</li>
 	<li>2 bh Songket Ibu</li>
 	<li>2 bh Pakaian Rumpak Tanjak Bapak Resepsi</li>
</ol>
<p><strong>DOKUMENTASI
Photographer &amp; Video Shooting Akad dan Resepsi By Java Photo / Luminore / Lenza ( 1 Hari ) </strong></p>

<ol>
 	<li>2 Fotografer &amp; 1 Videografer</li>
 	<li>Liputan Foto Video Akad &amp; Resepsi (Max. 2 Hari)</li>
 	<li>Wedding Clip 1 Menit</li>
 	<li>1 Album Kolase 20x30 15 Sheet + Box Standart</li>
 	<li>All Files Via Online Drive</li>
</ol>
<p><strong>Tata Rias By Ciqarizka, Vini, Dinda Y, Yuki Pratiwi dll ( 1 Hari )</strong></p>

<ol>
 	<li>Tata Rias Pengantin Akad dan Resepsi</li>
 	<li>Tata Rias Ibu Pengantin Akad dan Resepsi 2 Org</li>
</ol>
<p><strong>Catering By Diraniga, Hj Nila</strong></p>

<ol>
 	<li>1000 Pax Menu B (Ayam &amp; Daging)</li>
</ol>
<p><strong>Hiburan</strong></p>

<ol>
 	<li>Tari Persembahan &amp; Tari Kreasi</li>
 	<li>Akustik Band by Soulmate + 1 singer</li>
 	<li>Standard Sound System</li>
 	<li>2 Orang MC Resepsi</li>
 	<li>1 Orang MC Akad</li>
</ol>
<p><strong>Lain - Lain</strong></p>

<ol>
 	<li>Wedding Planner + Organizer Akad dan Resepsi By Makna Wedding</li>
 	<li>Wedding Book By Makna Wedding</li>
 	<li>20 Keranjang Hantaran, 1 Kotak Mas Kawin + Hias By Formysons, Bilbo</li>
 	<li>Henna By Lala Zahenna, Ulie AG</li>
 	<li>Lulur dan Tangas</li>
 	<li>Free 2 Orang Penerima Meja Tamu</li>
</ol>
<p><strong><em>Update Oktober 2025 By Rina</em></strong></p>",156000000,1000,25000000
Makna Wedding & Event Planner,Paket Lengkap,IGM PALEMBANG_1.000 pax,"<strong>FASILITAS</strong>
<ol>
 	<li>Penggunaan Gedung hari minggu</li>
 	<li>Kursi Futura (1.000 seat)</li>
 	<li>Sofa Tamu VIP</li>
 	<li>Ruang VIP</li>
 	<li>LCD proyektor &amp; screen</li>
 	<li>Keyboard + singer</li>
 	<li>Sound System Standart</li>
</ol>
<strong>CATERING</strong>

Catering Menu Ayam, Daging by Diraniga

<strong>HIBURAN</strong>
<ol>
 	<li>Tari Persembahan &amp; Tari Kreasi</li>
 	<li>MC 2 orang resepsi</li>
</ol>
<strong>AKAD</strong>
<ol>
 	<li>Pakaian Akad By IDM, PPM 2, Topan Sapta</li>
 	<li>Sunting, Melati Pengantin Resepsi (exc. Topan)</li>
 	<li>2 bh Songket Ibu Akad</li>
 	<li>2 bh Pakaian Rumpak Tanjak Bapak Akad</li>
 	<li>4 bh Pakaian Rumpak Tanjak Keluarga Resepsi</li>
</ol>
<strong>RESEPSI</strong>
<ol>
 	<li>Dekorasi Pelaminan Standard by Succes Wedding</li>
 	<li>Pakaian Resepsi By IDM, PPM 2, Topan Sapta</li>
 	<li>Sunting, Melati Pengantin Resepsi (exc. Topan)</li>
 	<li>2 bh Songket Ibu</li>
 	<li>2 bh Pakaian Rumpak Tanjak Bapak Resepsi</li>
</ol>
<strong>DOKUMENTASI
</strong><strong>Photographer &amp; Video Shooting Akad dan Resepsi </strong><strong>By Java Photo / Luminore/ </strong><strong>Lenza Photo</strong>
<ul>
 	<li>2 Fotografer &amp; 1 Videografer</li>
 	<li>Liputan Foto Video Akad &amp; Resepsi (Max. 1 hari)</li>
 	<li>1 Album Kolase Uk. 20×30 15 Sheet Box Standart</li>
 	<li>DVD All Files Wedding</li>
</ul>
<strong>Tata Rias</strong>
<ol>
 	<li>Tata Rias Pengantin By Miao Miao / Ciqa Rizka / Indah Ashaa / Vini / Dina Yustiana</li>
 	<li>Tata Rias Ibu Pengantin 2 Org By MUA Team</li>
</ol>
<strong>LAIN - LAIN</strong>
<ol>
 	<li>Free 2 Kamar Hotel 1 Malam</li>
 	<li>20 Keranjang Hantaran by Bilbo, Seadara, The Kayoe</li>
 	<li>Henna by Nia Henna Art, Lala Zahenna</li>
 	<li>Lulur Tangas</li>
 	<li>Wedding Planner + Wo Akad dan Resepsi</li>
 	<li>Free 2 Orang Penerima Meja Tamu</li>
</ol>",149000000,1000,25000000
Makna Wedding & Event Planner,Paket Lengkap,SOMA_1.000 pax,"<ol>
 	<li>10 Menu Buffet (6 Menu Buffet &amp; 4 Stall)</li>
 	<li>1 Junior Suite Room &amp; 2 Superior room</li>
 	<li>Wedding Decoration SoMa (Stage, Gate &amp; Standing Flowers)</li>
 	<li>Photobooth Decoration with initial name</li>
 	<li>Listrik 10.000 Untuk 4 Jam (Pemakaian Diatas 10.000 watt, Akad Dikenakan Charge)</li>
 	<li>Giant Screen Projector &amp; JBL Concert Series Sound System &amp; Wireless Microphone</li>
 	<li>OLED TV wall</li>
 	<li>Digital Signage (Standing Photo For Prewedding Photograpy)</li>
 	<li>Reception Table with 4 Angpao Box &amp; Guest Book</li>
 	<li>VIP Room (Bridal Room dan Transit Family Room)</li>
 	<li>Wedding Car (Alphard) + Decor And Driver</li>
 	<li>Shuttle Bus : (Hi-Ace) Plus Driver (16 Seater) (radius 3 km, 2 kali penjemputan)</li>
 	<li>VIP Waiting Bridal Room</li>
 	<li>Food Tasting 10 person</li>
 	<li>Music Entertainment: Full Band + 1 singer + saxophone</li>
 	<li>Voucher MC (1)</li>
</ol>
<strong>DOKUMENTASI </strong><strong>By Lenza / Ink / Merekah / Clay </strong>
<ul>
 	<li>Photographer &amp; Video Shooting Akad dan Resepsi</li>
</ul>
<strong>AKAD</strong>
<ul>
 	<li>Pakaian Akad By IDM, PPM II, Topan Sapta</li>
 	<li>Sunting, Melati Pengantin Akad (Exclude Topan S)</li>
 	<li>2 bh Songket Ibu Akad</li>
 	<li>2 bh Pakaian Rumpak Tanjak Bapak Akad</li>
</ul>
<strong>RESEPSI</strong>
<ul>
 	<li>Pakaian Resepsi By IDM, PPM II, Topan Sapta</li>
 	<li>Sunting, Melati Pengantin Resepsi (Exclude Topan S)</li>
 	<li>2 bh Songket Ibu</li>
 	<li>2 bh Pakaian Rumpak Tanjak Bapak Resepsi</li>
</ul>
<strong>TATA RIAS</strong>
<ul>
 	<li>Tata Rias Pengantin Akad dan Resepsi  By Miao Miao, Ciqa Rizka, Vini, yukipratiwi</li>
 	<li>Tata Rias Ibu Pengantin 2 Org Akad dan Resepsi  By Team</li>
</ul>
<strong>HIBURAN</strong>
<ul>
 	<li>Tari Persembahan &amp; Tari Kreasi</li>
 	<li>1 Org MC Resepsi</li>
</ul>
<strong>LAIN - LAIN</strong>
<ul>
 	<li>Free 2 Kamar Hotel 1 Malam</li>
 	<li>20 item hantaran + 1 box cincin by Bilbo, formysonhantaran</li>
 	<li>Wedding Planner Akad dan Resepsi By Makna Wedding</li>
 	<li>Wedding Book</li>
 	<li>Lulur, Tangas by Idha Home Spa</li>
 	<li>Henna by Lala Zahenna, Ulie AG</li>
</ul>
<strong>Note:</strong> Sudah termasuk sarapan akad 100 pax + charged akad 15jt

<em><strong>Updated for 2026 by RN</strong></em>",318000000,1000,25000000
Makna Wedding & Event Planner,Paket Lengkap,TRIDINANTI PALEMBANG_1.000 pax,"<strong>Auditorium Tridinanti</strong>
<ul>
 	<li>Pelaminan</li>
 	<li>Kursi VIP jenis sofa satu baris ( kapasitas 18 orang)</li>
 	<li>Kursi futura 1000 buah + sarung kursi</li>
 	<li>Ruang makan VIP + meja 10 buah (kapasitas 100 orang)</li>
 	<li>Proyektor + screen (3 set)</li>
 	<li>Sound System</li>
 	<li>Ruang tunggu pengantin</li>
 	<li>Full AC</li>
 	<li>Daya listrik sesuai dengan fasilitas lampu yang ada ( PLN + genset )</li>
 	<li>Kebersihan</li>
 	<li>Parkir</li>
</ul>
<strong>Catering By Diraniga</strong>
<ul>
 	<li>Catering Menu B (1.000 pax) Ayam, Daging</li>
</ul>
<strong>Hiburan</strong>
<ul>
 	<li>Tari Persembahan &amp; Tari Kreasi</li>
 	<li>Keyboard + Singer</li>
 	<li>MC 2 Org</li>
</ul>
<strong>Pakaian Resepsi By IDM, PPM 2, Topan Sapta</strong>
<ul>
 	<li>Pakaian Resepsi</li>
 	<li>Melati Pengantin Resepsi, Sunting (Exc. Topan Sapta)</li>
 	<li>2 bh Songket Ibu</li>
 	<li>2 bh Pakaian Rumpak Tanjak Bapak Resepsi</li>
</ul>
<strong>Pakaian Akad By IDM, PPM 2, Topan Sapta</strong>
<ul>
 	<li>Pakaian Akad</li>
 	<li>Melati Pengantin, Sunting akad (Exc. Topan Sapta)</li>
 	<li>2 bh Songket Ibu</li>
 	<li>2 bh Pakaian Rumpak Tanjak Bapak Akad</li>
 	<li>Pelaminan Akad by Eviar Wedding</li>
</ul>
<strong>Dokumentasi
Photographer &amp; Video Shooting Akad dan Resepsi By Java Photo / Luminore / Lenza Photo</strong>
<ul>
 	<li>2 Fotografer &amp; 1 Videografer</li>
 	<li>Liputan Foto Video Akad &amp; Resepsi (Max. 2 Hari)</li>
 	<li>Wedding Clip 1 Menit</li>
 	<li>1 Album Kolase 20x30 15 Sheet + Box Standart</li>
 	<li>All Files Via Online Drive</li>
</ul>
<strong>Tata Rias By Dina Yustiana, Ciqa Rizka, Vini</strong>
<ul>
 	<li>Tata Rias Pengantin</li>
 	<li>Tata Rias Ibu Pengantin 2 Org by Team</li>
</ul>
<strong>Lain – Lain</strong>
<ul>
 	<li>Hantaran by Seadara, Bilbo, The Kayoe</li>
 	<li>Henna by viarthenna Art, Ulie AG, Lala Zahenna</li>
 	<li>Lulur Tangas</li>
 	<li>WO Akad dan Resepsi</li>
 	<li>Free 2 penerima meja tamu</li>
</ul>
<strong>Updated Desember 2023</strong>",152000000,1000,25000000
Makna Wedding & Event Planner,Paket Lengkap,RAJAWALI GRAND BALLROOM_700 pax,"<strong>FASILITAS</strong>

The Reception:
<ol>
 	<li>7 courses of Lunch/dinner buffet from various cities and regions for 800 persons (special choice of Tiger Prawn as Main course in the Menu Selection)</li>
 	<li>Complimentary 4 food stals up to 2000 pcs/portions/cups</li>
 	<li>Complimentary food stalls for 100 person at the VIP area</li>
 	<li>Family Lunch/Dinner of bride and grooms for 10 persons during event</li>
 	<li>Complimentary standard 7 tierred wedding cake</li>
 	<li>Complimentary Choice: MC at the wedding day by cash voucher or wedding car (alphard/mercedes) for maximum 8 hours including decoration and driver</li>
 	<li>Exotica Decoration at the wedding stage, wedding gate, standing flowers, and photobooth</li>
 	<li>Entertainment : singer &amp; keyboard player</li>
 	<li>LED Screen Videotron 3x4 m and 2 projectors 5.100 Lumens with giant screen 3x4 meters</li>
</ol>
Accomodation and other benefits:
<ol>
 	<li>1 Junior suite room for 1 night including breakfast for 2 persons</li>
 	<li>Total up to 6 rooms (3 premier &amp; 3 deluxe) for 1 night including breakfast for 2 persons</li>
 	<li>Ballroom facility for 4 hours (09.30 - 13.30 or 17.30 -21.30)</li>
 	<li>free 20 parking tickets for the family</li>
 	<li>2 function rooms for hospitality during the event</li>
 	<li>Complimentary 4 guest books, front desk and standing photos</li>
 	<li>Special Ambience by LED cealing Lamp, crystal chandelier lamp and lighting at the ballroom</li>
 	<li>Sound system and electricity up to 10.000 watts</li>
 	<li>Special room price for family and relatives</li>
</ol>
<strong>Hiburan</strong>
<ul>
 	<li>Tari Persembahan &amp; Tari Kreasi</li>
 	<li>Mc Resepsi (1 pasang)</li>
 	<li>Mc Akad (1 orang)</li>
 	<li>Full Band By Soulmate, Frazky, Putra Sakti Entertainment</li>
</ul>
<strong>Resepsi</strong>
<ul>
 	<li>Pakaian Resepsi + Melati + Sunting (IDM, Topan Sapta, PPM II)</li>
 	<li>2 bh Songket Ibu (IDM, Topan Sapta, PPM II)</li>
 	<li>2 bh Pakaian Rumpak Tanjak Bapak Resepsi (IDM, Topan Sapta, PPM II)</li>
</ul>
<strong>Akad</strong>
<ul>
 	<li>Pakaian Akad + Melati + Sunting By IDM, Topan Sapta, PPM II</li>
 	<li>2 bh Songket Ibu Akad IDM, Topan Sapta, PPM II</li>
 	<li>2 bh Pakaian Rumpak Tanjak Bapak Akad IDM, Topan Sapta, PPM II</li>
 	<li>Pelaminan Akad By Naraya, Harvest (acara di rumah)</li>
</ul>
<strong>Dokumentasi
</strong><strong>Photographer &amp; Video Shooting Akad dan Resepsi </strong><strong>By</strong><strong> Lenza Photo/Clay/Merekah (1 hari)</strong>
<ul>
 	<li>2 Fotografer &amp; 1 Videografer</li>
 	<li>Liputan Foto Video Akad &amp; Resepsi</li>
 	<li>1 Album Kolase Uk. 20×30 15 Sheet Box Standart</li>
 	<li>DVD All Files Wedding</li>
</ul>
<strong>Tata Rias</strong>
<ul>
 	<li>Tata Rias Pengantin Akad dan Resepsi By Miao, Ciqa, Indah Asha, Vini, Shanty</li>
 	<li>Tata Rias Ibu Pengantin 2 Org Akad dan Resepsi By Team</li>
</ul>
<strong>Lain – Lain</strong>
<ul>
 	<li>Wedding Planner Akad dan Resepsi By Makna Wedding</li>
 	<li>Free 2 Orang Penerima Meja Tamu</li>
 	<li>Free 2 Kamar Hotel 1 Malam</li>
 	<li>Hantaran 10 Acrilic, 10 Rotan by Decor Story, Seadara, Bilbo</li>
 	<li>1 Rangkai Bucket Bunga</li>
 	<li>Hena by Nia Henna Art, Ulie AG, Lala Zahenna</li>
 	<li>Lulur Tangas</li>
</ul>
note :sudah termasuk charge akad di Ballroom 15jt

<b><i>UPDATE 2026 by RN</i></b>",257500000,700,25000000
Makna Wedding & Event Planner,Paket Lengkap,TACIRO GRAND BALLROOM_1.000 pax,"<strong>Fasilitas</strong>
<ol>
 	<li>Sound System</li>
 	<li>Lighting</li>
 	<li>Ruang Tunggu Pengantin</li>
 	<li>Pemakaian Gedung Selama 5 Jam</li>
 	<li>Layar Screen Projector</li>
 	<li>Kursi Tifanny</li>
 	<li>Buku Tamu ( 2 Bh )</li>
 	<li>Meja Roundtable ( 5 Buah )</li>
 	<li>Dekorasi Ballroom
<ul>
 	<li>Pelaminan Utama</li>
 	<li>Gazebo</li>
 	<li>Standing Flower</li>
 	<li>Mini Garden</li>
 	<li>Panggung Kaca</li>
 	<li>Kursi Meja Akad</li>
 	<li>Dekor Meja Angpao/Kado</li>
</ul>
</li>
</ol>
<strong>Catering By Diraniga/Hj Nila</strong>
<ol>
 	<li>1000 Pax Menu (Ayam, Daging)</li>
</ol>
<strong>Akad</strong>
<ol>
 	<li>Pakaian Akad by IDM, Topan Sapta, PPM2</li>
 	<li>Melati + Sunting akad (Exc. Topan Sapta)</li>
 	<li>2 Bh Songket Ibu Akad</li>
 	<li>2 Bh Pakaian Rumpak Tanjak Bapak Akad</li>
</ol>
<strong>Resepsi</strong>
<ol>
 	<li>Pakaian Resepsi by IDM, Topan Sapta, PPM2</li>
 	<li>Melati + Sunting Resepsi (Exc. Topan Sapta)</li>
 	<li>2 Bh Songket Ibu Resepsi</li>
 	<li>2 Bh Pakaian Rumpak Tanjak Bapak Resepsi</li>
</ol>
<strong>Dokumentasi</strong>

<strong>Photographer &amp; Video Shooting Akad Dan Resepsi By Java Photo / Luminore / Lenza Photo</strong>
<ol>
 	<li>2 Fotografer &amp; 1 Videografer</li>
 	<li>Liputan Foto Video Akad &amp; Resepsi</li>
 	<li>Wedding Clip 1 Menit</li>
 	<li>1 Album Kolase 20x30 15 Sheet + Box Standart</li>
 	<li>All Files Via Online Drive</li>
</ol>
<strong>Tata Rias</strong>
<ol>
 	<li>Tata Rias Pengantin Akad Dan Resepsi By Ciqa, Indah Asha, Vini</li>
 	<li>Tata Rias Ibu Pengantin 2 Org</li>
</ol>
<strong>Hiburan</strong>
<ol>
 	<li>Full Band By Soulmate Band</li>
 	<li>Tarian Persembahan Dan Tari Kreasi By Sanggar Rumah Elok</li>
 	<li>MC Resepsi 2 Org</li>
</ol>
<strong>Lain – Lain</strong>
<ol>
 	<li>20 Keranjang Hantaran + 1 Kotak Mas Kawin by Bilbo, formysonhantaran</li>
 	<li>Henna By Ulie AG, Lalazahenna, Viathenna</li>
 	<li>Lulur Tangas by Idha Home Spa</li>
 	<li>Wedding Planner + Organizer Akad &amp; Resepsi by Makna Wedding</li>
 	<li>Free 2 orang penerima meja tamu</li>
</ol>
*belum termasuk sarapan akad

<strong><em>Updated 2026 BY RN</em></strong>",174750000,1000,25000000
Makna Wedding & Event Planner,Paket Lengkap,GRAND ATYASA CONVENTION_1.000 pax,"<strong>Fasilitas</strong>
<ol>
 	<li>Ruang ballroom (5jam)</li>
 	<li>1 ruang make up/ruang tunggu</li>
 	<li>Gratis pemakaian listrik sampai dengan 10.000 watt</li>
 	<li>Menu buffet untuk 1.000 pax
- Ayam
- Ikan
- Daging</li>
 	<li>Free 2 meja penerima tamu, 4 buku tamu, dan 2 kotak angpao</li>
 	<li>Petugas Kebersihan</li>
 	<li>Food tasting buffet menu untuk 10 pax</li>
 	<li>1 unit LCD projector + screen</li>
</ol>
<strong>Dekorasi</strong>
<ol>
 	<li>Dekorasi Pelaminan Resepsi Standar</li>
 	<li>Gazebo</li>
 	<li>Standing Flower</li>
 	<li>Mini Garden</li>
 	<li>Karpet Jalan</li>
</ol>
<strong>Hiburan</strong>
<ol>
 	<li>MC Resepsi 2 Org</li>
 	<li>MC Akad 1 org</li>
 	<li>Tari Persembahan &amp; Tari Kreasi</li>
 	<li>Full Band by Soulmate, Frazky</li>
</ol>
<strong>Pakaian Akad</strong>
<ol>
 	<li>Pakaian Akad By IDM / Topan Sapta / PPM II</li>
 	<li>Sunting dan Melati Pengantin Akad (exc. Topan S)</li>
 	<li>2 bh Songket Ibu Akad</li>
 	<li>2 bh Pakaian Rumpak Tanjak Bapak Akad</li>
</ol>
<strong>Pakaian Resepsi</strong>
<ol>
 	<li>Pakaian Resepsi By IDM / Topan Sapta / PPM II</li>
 	<li>Sunting dan Melati Pengantin Resepsi (exc. Topan S)</li>
 	<li>2 bh Songket Ibu Resepsi</li>
 	<li>2 bh Pakaian Rumpak Tanjak Bapak Resepsi</li>
</ol>
<strong>Dokumentasi By Lenza (1 Hari), Arsa, ink</strong>
<ol>
 	<li>Photographer &amp; Video Shooting Akad dan Resepsi</li>
 	<li>2 Fotografer &amp; 1 Videografer</li>
 	<li>Liputan Foto Video Akad &amp; Resepsi Max 2 hari</li>
 	<li>1 Album Kolase Uk. 20 × 30 15 Sheet Box Standart</li>
 	<li>Drive Files Wedding</li>
</ol>
<strong>MUA</strong>
<ol>
 	<li>Tata Rias Pengantin By Indah Ashaa / Ciqarizka / Makeupxvini / Yuki Pratiwi</li>
 	<li>Tata Rias Ibu Pengantin 2 Org Akad dan Resepsi By Team MUA</li>
</ol>
<strong>Lain – Lain</strong>
<ol>
 	<li>Free 2 Kamar Hotel 1 Malam</li>
 	<li>Free 2 Orang Penerima Tamu (Usher)</li>
 	<li>Free Wedding Book</li>
 	<li>20 item hantaran + 1 box cincin by Bilbo, formysonhantaran</li>
 	<li>Henna by lalazahenna, Ulie Ag, Viarthenna, niahennart</li>
 	<li>Lulur &amp; Tangas</li>
 	<li>Wedding Planner + Organizer (akad + resepsi)</li>
</ol>
<strong><em>Updated for 2026 by Fr</em></strong>",194900000,1000,25000000
Makna Wedding & Event Planner,Paket Lengkap,BIMA SAKTI_1.000 pax,"<strong>Fasilitas Bima Sakti Convention Center</strong>
<ol>
 	<li>Gedung Full AC</li>
 	<li>Sofa Tamu VIP</li>
 	<li>Kursi Stainless (1000 Bh)</li>
 	<li>Sound System + Lighting Profesional</li>
 	<li>Solo Keyboard + Singer</li>
 	<li>Meja Vip Bulat (10 Bh)</li>
 	<li>Pelaminan Dekorasi. Gazebo, Stand Flower, Mini Garden</li>
 	<li>Dekorasi Foyer</li>
 	<li>Kotak Angpao (2 Bh)</li>
 	<li>Genset</li>
 	<li>Meja Registrasi (2 Bh)</li>
 	<li>Parkir + 700 Mobil</li>
 	<li>Keamanan Dan Kebersihan</li>
</ol>
<strong>Catering By Diraniga</strong>
<ol>
 	<li>Catering Menu B 500 Porsi (Ayam, Daging)</li>
</ol>
<strong>Akad</strong>
<ol>
 	<li>Dekorasi Pelaminan Standart Akad Nikah By Success Decoration</li>
 	<li>Kasur &amp; Meja Akad Nikah (Lesehan)</li>
 	<li>Hias Kamar Pengantin By Success Decoration</li>
 	<li>Busana Pengantin Akad By IDM, Topan Sapta, PPM 2</li>
 	<li>Melati + Sunting Pengantin Akad ( Excl. Topan )</li>
 	<li>2 Stel Songket Ibu Akad</li>
 	<li>2 Stel Beskap &amp; Rumpak Tanjak Bapak</li>
 	<li>Henna By Ulie AG, Lala Zahenna, Nia Henna Art</li>
 	<li>Lulur &amp; Tangas</li>
 	<li>20 Buah Keranjang Hantaran Free Dekor</li>
 	<li>1 Buah Tempat Mas Kawin</li>
</ol>
<strong>Resepsi</strong>
<ol>
 	<li>Busana Pengantin Resepsi By IDM, Topan Sapta, PPM 2</li>
 	<li>Melati + Sunting Pengantin Resepsi ( Excl. Topan )</li>
 	<li>2 Stel Songket Ibu</li>
 	<li>2 Stel Beskap &amp; Rumpak Tanjak Bapak</li>
</ol>
<strong>Hiburan</strong>
<ol>
 	<li>Tari Persembahan</li>
 	<li>Tari Kreasi</li>
 	<li>2 Orang Pembawa Acara/ MC</li>
</ol>
<strong>Tata Rias By Ciqa Rizka, Vini, Indah Asyaa, Miao, Shanty N ( 1 Hari )</strong>
<ol>
 	<li>Tata Rias Pengantin Akad Dan Resepsi</li>
 	<li>2 Orang Tata Rias Ibu Akad Dan Resepsi</li>
</ol>
<strong>Dokumentasi</strong>

<strong>Photographer &amp; Video Shooting Akad Dan Resepsi By Java Photo / Luminore / Lenza / Kitarinduphoto</strong>
<ol>
 	<li>Photographer dan videographer akad &amp; resepsi</li>
</ol>
<strong>Lain - Lain</strong>
<ol>
 	<li>Wo Akad &amp; Resepsi</li>
 	<li>2 Buah Buku Tamu</li>
</ol>
<strong><em>Updated 2025 by fr</em></strong>",172000000,1000,25000000
Makna Wedding & Event Planner,Paket Lengkap,ASTON GRAND BALLROOM_500 pax,"<strong>Fasilitas</strong>
<ul>
 	<li>13 Buffet Menu (9 Buffet, 4 Stall)</li>
 	<li>1 Aston Suite For 2 Nights Include Breakfast for 2 persons</li>
 	<li>4 Deluxe Room For 1 Night Include Breakfast for 2 persons</li>
 	<li>Standard Wedding Decoration
<ol>
 	<li>Stage</li>
 	<li>Mini Garden</li>
 	<li>Standing Flower</li>
 	<li>Gazebo</li>
 	<li>Melaminto Flooring</li>
 	<li>Photobooth Decoration</li>
</ol>
</li>
 	<li>Reception Table (4 Angpao Box &amp; Guest Book)</li>
 	<li>1 Giant Screen Projector &amp; Standard Sound Systems</li>
 	<li>Digital Signage</li>
 	<li>Full Band</li>
 	<li>Electricity usage up to 10.000 Watts</li>
 	<li>Wedding Car ""Toyota Alphard"" include driver</li>
 	<li>Couple Initial Ice Carving</li>
 	<li>Glass Pyramid Toast</li>
 	<li>Master of Ceremony Voucher worth 1.500.000</li>
 	<li>Wedding Cake Voucher worth 1.000.000</li>
 	<li>Spa Voucher for 4 Persons</li>
 	<li>VIP Bridal Waiting Room</li>
 	<li>Free Car Park Space for 10 Cars</li>
 	<li>Room for Sangjit / Holy Matrimony / Akad Nikah (Room Only)</li>
 	<li>Special Room Rate for Additional room up to 5 rooms</li>
 	<li>Food Testing for 8 Pax</li>
 	<li>Coffee Break for Technical Meeting</li>
 	<li>Usage of Pre Wedding photo shoot venue at Aston Hotel</li>
</ul>
<strong>Dokumentasi By Onclay/Lenza/Kita Rindu/ Merekah / Ink</strong>
<ol>
 	<li>Photographer &amp; Video Shooting Akad dan Resepsi</li>
</ol>
<strong>Akad </strong>
<ol>
 	<li>Meja Kursi Akad</li>
 	<li>Pakaian Akad By IDM, Topan Sapta, Pinang Masak II</li>
 	<li>Melati + Sunting (Excl. Topan)</li>
 	<li>2 bh Songket Ibu</li>
 	<li>2 bh Pakaian Rumpak Tanjak Bapak</li>
</ol>
<strong>Resepsi</strong>
<ol>
 	<li>Pakaian Resepsi By IDM, Topan Sapta, Pinang Masak II</li>
 	<li>Melati + Sunting (Excl. Topan)</li>
 	<li>2 bh Songket Ibu</li>
 	<li>2 bh Pakaian Rumpak Tanjak Bapak Resepsi</li>
</ol>
<strong>Tata Rias</strong>
<ol>
 	<li>Tata Rias Pengantin Akad dan Resepsi By MakeupxVini, Ciqa, Indah Ashaa, Yuki Pratiwi, Emmacipid, Dina Yustyana</li>
 	<li>Tata Rias Ibu Pengantin 2 Org</li>
</ol>
<strong>Hiburan </strong>
<ol>
 	<li>Tari Persembahan &amp; Tari Kreasi</li>
 	<li>2 orang MC Resepsi</li>
</ol>
<strong>Lain - Lain </strong>
<ol>
 	<li>Wedding Planner Akad dan Resepsi By Makna Wedding</li>
 	<li>Henna by viartHenna Art, Ulie AG, Lala Zahenna</li>
 	<li>Lulur dan Tangas by Idha Home Spa</li>
 	<li>20 Kotak Hantaran, 1 Kotak Mas kawin Free Dekor by Bilbo, formysonhanran</li>
 	<li>2 Orang Penerima Meja Tamu</li>
</ol>
*Notes: belum termasuk sarapan akad

<strong><em>Updated for 2026 by Fira</em></strong>",213850000,500,25000000
Makna Wedding & Event Planner,Paket Lengkap,NOVOTEL PALEMBANG_1.000 pax,"<strong>FASILITAS</strong>
<ul>
 	<li>Menu prasmanan untuk 1000 porsi</li>
 	<li>1 kamar junior suite untuk pengantin</li>
 	<li>4 kamar superior untuk keluarga</li>
 	<li>Food testing untuk 6 orang</li>
 	<li>Penggunaan ballroom untuk 4 jam</li>
 	<li>Listrik 5000 watt</li>
 	<li>Penggunaan area hotel untuk prewedd hotel</li>
 	<li>1 LCD projector dan screen</li>
 	<li>penggunaan meja dan kursi resepsionis</li>
 	<li>Gratis 4 buku tamu</li>
 	<li>gratis penggunaan ruang VIP transit</li>
 	<li>Gratis 10 voucher pakir</li>
</ul>
<strong>Dokumentasi By Lenza, Clay, Luxury, Ink</strong>
<ol>
 	<li>2 Fotografer &amp; 1 Videografer</li>
 	<li>Liputan Foto Video Akad &amp; Resepsi</li>
 	<li>1 Album Kolase</li>
 	<li>Gdrive File Edited</li>
</ol>
<strong>Akad</strong>
<ol>
 	<li>Pelaminan Akad By Putri Pinang Masak II, HJ Nila</li>
 	<li>Hias Kamar Pengantin By Putri Pinang Masak II, HJ Nila</li>
 	<li>Pakaian Akad By IDM, PPM II, Topan Sapta</li>
 	<li>Melati dan Sunting Akad ( Exc. Topan )</li>
 	<li>2 pcs Songket Ibu Akad</li>
 	<li>2 pcs Pakaian Rumpak Tanjak Bapak Akad</li>
 	<li>Prosesi Cacap Suap</li>
</ol>
<strong>Resepsi      </strong>
<ol>
 	<li>Pelaminan Resepsi Exclusive By Putri Pinang Masak II, HJ Nila</li>
 	<li>Pakaian Resepsi By IDM, PPM II, Topan Sapta</li>
 	<li>Melati dan Sunting Resepsi ( Exc. Topan )</li>
 	<li>2 pcs Songket Ibu Resepsi</li>
 	<li>2 pcs Pakaian Rumpak Tanjak Bapak Resepsi</li>
</ol>
<strong>Tata Rias       </strong>
<ol>
 	<li>MUA Akad dan Resepsi (1 Hari) By Ciciknia, Shanty Nugraha, Ciqa Rizka, Vini, Indah Ashaa</li>
 	<li>Tata Rias Ibu Pengantin 2 Org Akad dan Resepsi  By Team</li>
</ol>
<strong>Hiburan   </strong>
<ol>
 	<li>Tari Persembahan &amp; Tari Kreasi</li>
 	<li>2 Org MC Resepsi</li>
 	<li>1 org MC Akad</li>
 	<li>Band + Singer (Soulmate, Frazky Project)</li>
 	<li>Sound System Resepsi (5000 watt)</li>
</ol>
<strong>Lain - Lain   </strong>
<ol>
 	<li>Lulur, Tangas</li>
 	<li>Henna (Ulie AG, Lala Zahenna, Nia Henna)</li>
 	<li>20 item hantaran + 1 box cincin by Bilbo, formysonhantaran</li>
 	<li>Wedding Planner Akad dan Resepsi By Makna Wedding</li>
 	<li>Wedding Book by Makna</li>
</ol>
*belum termasuk sarapan akad

<strong>UPDATE 30/04/25 by Fj</strong>",709950000,1000,25000000
Makna Wedding & Event Planner,Paket Lengkap,FAVE GRAND BALLROOM_500 pax,"<strong>FASILITAS</strong>
<ol>
 	<li>8 Internasional Buffet Menu</li>
 	<li>1 Deluxe Premier for @1 night stay</li>
 	<li>3 Superior for @1 night stay</li>
 	<li>Exclusive Wedding Decoration</li>
 	<li>Master of Ceremonies 1 Person for reception</li>
 	<li>Keyboard &amp; Singer</li>
 	<li>Complimentary Coffee Break 10 pax for Technical Meeting</li>
 	<li>Food Tasting for 6 Persons</li>
 	<li>Electricity Usage up to 5.000 Watt</li>
 	<li>Reception Table with 2 Guest Books</li>
 	<li>Free Usage of Screen &amp; Projector</li>
 	<li>Free Parking for VIP 3 Cars</li>
 	<li>Free Usage of Hotel area for Pre-Wedding Photo Session</li>
</ol>
<strong>Akad</strong>
<ol>
 	<li>Pakaian Akad by IDM / Topan Sapta / PPM 2</li>
 	<li>Sunting, Melati Pengantin Akad (exc. Topan S)</li>
 	<li>2 bh Songket Ibu Akad</li>
 	<li>2 bh Pakaian Rumpak Tanjak Bapak Akad</li>
 	<li>1 Meja + 6 Kursi Akad</li>
</ol>
<strong>Resepsi</strong>
<ol>
 	<li>Pakaian Resepsi by IDM / Topan Sapta / PPM 2</li>
 	<li>Sunting, Melati Pengantin Resepsi (exc. Topan S)</li>
 	<li>2 bh Songket Ibu</li>
 	<li>2 bh Pakaian Rumpak Tanjak Bapak Resepsi</li>
</ol>
<strong>Dokumentasi By Kita Rindu/Luminore/ Lenza 1 Hari </strong>
<ol>
 	<li>Photographer &amp; Video Shooting Akad dan Resepsi</li>
</ol>
<strong>Tata Rias</strong>
<ol>
 	<li>Tata Rias Pengantin Akad dan Retouch Resepsi  (Ciqa / Miao Miao / Vini /Shanty /  Indah Asya)</li>
 	<li>Tata Rias Ibu Pengantin 2 Org Akad dan Retouch Resepsi</li>
 	<li>Hijab Do Ibu Pengantin 2 Org</li>
</ol>
<strong>Hiburan</strong>
<ol>
 	<li>Tari Persembahan &amp; Tari Kreasi</li>
 	<li>2 org MC Resepsi</li>
</ol>
<strong>Lain - Lain</strong>
<ol>
 	<li>20 Keranjang Hantaran by Bilbo, formysonhantaran</li>
 	<li>Henna by Lalazahenna, Ulie Ag, Viarthenna</li>
 	<li>Lulur &amp; Tangas</li>
 	<li>Wedding Planner + Organizer akad dan resepsi</li>
</ol>
*belum termasuk sarapan akad

<strong>updated for 2026 by fr</strong>",152000000,500,25000000
Makna Wedding & Event Planner,Paket Lengkap,THE ZURI HOTEL_700 pax,"<strong>Fasilitas Ballroom The Zuri Hotel 700 pax</strong>
<ol>
 	<li>Buffet Menu : 14 Menu
<ul>
 	<li>7 Main Course</li>
 	<li>2 Appetizer</li>
 	<li>1 Soup</li>
 	<li>1 Salad Bar</li>
 	<li>3 Dessert</li>
</ul>
</li>
 	<li>4 Food stall each for 50 portion</li>
 	<li>Complimentary 2 Night Stay at Junior Suite Room with Breakfast For 2 Persons (1 room 2 nights)</li>
 	<li>Complimentary 7 Night Stay at Superior Room with Breakfast For 2 Persons</li>
 	<li>Wedding Car “TOYOTA ALPHARD” for Newlywed’s with standard Decoration</li>
 	<li>Food Testing For 10 Persons</li>
 	<li>Free Flow Drinking Water</li>
 	<li>Free Coffeebreak For Technical Meeting</li>
 	<li>Wedding Cake (Dummy)</li>
 	<li>6 PC Giant Screen Projectors</li>
 	<li>Standard Sound System and Microphone</li>
 	<li>MC by Cash Voucher (bisa dijadikan MC Akad)</li>
 	<li>Decoration:
<ul>
 	<li>Standard Wedding Stage Decoration by Exotica</li>
 	<li>Free Mini Garden On Wedding Stage by Exotica</li>
 	<li>Free 8 Standing Flower Decoration</li>
 	<li>Free Red Carpet</li>
 	<li>Free Wedding Gates</li>
 	<li>Free Photobooth Decoration</li>
 	<li>Reception Table and Angpao Box</li>
 	<li>Wedding Receptionist Books</li>
</ul>
</li>
 	<li>Special Room Rate For Additional Rooms or Wedding Guest</li>
 	<li>Electricity Usage Up to 10.000 Watts</li>
 	<li>Complimentary Car Park Space for 10 Cars</li>
 	<li>Complimentary Use of The Zuri Hotel as Pre Wedding Photo Shoot Venue</li>
 	<li>Complimentary VIP Waiting Room</li>
 	<li>Compilmentary Use Of Wellness Center Facility: Skypoll, Sky Lounge, Skygym</li>
</ol>
<strong>Pakaian Akad By RickyIDM, Pinang Masak 2, Topan S</strong>
<ol>
 	<li>Pakaian Akad Pengantin</li>
 	<li>Melati dan Sunting Pengantin Akad (Exc. Topan)</li>
 	<li>2 bh Songket Ibu Akad</li>
 	<li>2 bh Pakaian Rumpak Tanjak Bapak Akad</li>
</ol>
<strong>Pakaian Resepsi By RickyIDM, Pinang Masak 2, Topan S</strong>
<ol>
 	<li>Pakaian Resepsi  Pengantin</li>
 	<li>Melati dan Sunting Pengantin Resepsi (Exc. Topan)</li>
 	<li>2 bh Songket Ibu</li>
 	<li>2 bh Pakaian Rumpak Tanjak Bapak Resepsi</li>
</ol>
<strong>Dokumentasi By </strong><b>Lenza/Ink/On Clay/Luxury</b>
<ol>
 	<li>Photograpfer and Videographer akad resepsi</li>
</ol>
<strong>Tata Rias Akad dan Resepsi</strong>
<ol>
 	<li>Tata Rias Pengantin By MakeupxVini, Ciqarizka, Indah Ashaa, Shanty N, Ciciknia (1 Hari)</li>
 	<li>Tata Rias Ibu Pengantin 2 Org By Team MUA</li>
</ol>
<strong>Hiburan</strong>
<ol>
 	<li>Full Band by Soulmate/Frazky/Forte</li>
 	<li>2 Tarian</li>
 	<li>MC resepsi 2 org</li>
</ol>
<strong>Lain - Lain</strong>
<ol>
 	<li>WO Akad Resepsi</li>
 	<li>20 Kotak Hantaran, 1 Kotak Mas Kawin dan Free Hias by Bilbo, Seadara, The Kayoe</li>
 	<li>Henna by Lalazahenna, Ulie Ag</li>
 	<li>Lulur Tangas</li>
</ol>
<em><strong>Updated for 2026 by Fr</strong></em>",289800000,700,25000000
Makna Wedding & Event Planner,Paket Lengkap,SANTIKA PREMIER PALEMBANG_1.000 pax,"<strong>FASILITAS</strong>
<ul>
 	<li>11 (sebelas) pilihan menu prasmanan dengan 2 (dua) hidangan pembuka, 1 (satu) sup, 6 (lima) makanan utama, dan 2 (dua) hidangan penutup</li>
 	<li>Free 1 pilihan menu stall @100 porsi/stall</li>
 	<li>Free Flow air Mineral</li>
 	<li>Free 1 kamar Pengantin (Premiere Room) untuk 1 malam, include breakfast untuk 2 orang</li>
 	<li>Free 2 kamar keluarga (Deluxe Room) untu k 1 malam, include breakfast untuk 2 orang</li>
 	<li>Free Penggunaan ballroom selama 5 jam</li>
 	<li>Free test food untuk 8 orang</li>
 	<li>Free sound system (maximum 10.000 watt)</li>
 	<li>Free Ruangan tunggu keluarga &amp; Pengantin</li>
 	<li>Free 1 unit LCD Proyektor &amp; Giant Screen ukuran 3x4 m</li>
 	<li>Free 3 bh Guest book dan standard meja penerima tamu</li>
 	<li>Free Pre-Wedding Photo venue di area umum Hotel selama 3 jam</li>
 	<li>Free Coffee break untuk 10 orang pada saat technical meeting</li>
</ul>
<strong>Dokumentasi by Lenza, Ink, ON Clay, Merekah, Kita rindu</strong>
<ul>
 	<li>Photographer &amp; Video Shooting Akad dan Resepsi</li>
</ul>
<strong>Pakaian Resepsi By IDM, topan, Putri Pinang Masak 2</strong>
<ul>
 	<li>Pakaian Resepsi  Pengantin</li>
 	<li>Melati dan Sunting Pengantin Resepsi</li>
 	<li>2 bh Songket Ibu</li>
 	<li>2 bh Pakaian Rumpak Tanjak Bapak Resepsi</li>
</ul>
<strong>Pakaian Akad By IDM, Topan, Putri Pinang Masak 2</strong>
<ul>
 	<li>Pakaian Akad Pengantin</li>
 	<li>Melati dan Sunting Pengantin Akad</li>
 	<li>2 bh Songket Ibu Akad</li>
 	<li>2 bh Pakaian Rumpak Tanjak Bapak Akad</li>
</ul>
<strong>Dekorasi by PPM 2, Hj. Nila, Naraya</strong>
<ul>
 	<li>Dekorasi Pelaminan Resepsi</li>
 	<li>Set Sofa Pengantin</li>
 	<li>Mini Garden</li>
 	<li>Standing Flower</li>
 	<li>Melaminto Jalan</li>
 	<li>Gazebo</li>
 	<li>Dekorasi Photobooth</li>
 	<li>Kotak Angpao</li>
</ul>
<strong>Hiburan</strong>
<ul>
 	<li>Full Band by Soulmate</li>
 	<li>Sound System</li>
 	<li>Tarian Persembahan dan kreasi by sanggar rumah elok, sanggar citra</li>
 	<li>MC Resepsi 2 orang</li>
 	<li>MC akad 1 orang</li>
</ul>
<strong>MUA</strong>
<ul>
 	<li>MUA Pengantin by ciqarizka, makeupxvini, shanty n, dina yustiana, yukipratiwi (1 hari)</li>
 	<li>MUA Ibu Pengantin 2 Org by Mom MUA Team</li>
</ul>
<strong>Lain - Lain</strong>
<ul>
 	<li>20 Kotak Hantaran, 1 kotak Emas Kawin dan Free Hias by bilbo, formysonhantaran</li>
 	<li>Henna by viarthenna, ulie, lala zahenna</li>
 	<li>Lulur tangas</li>
 	<li>WO Akad Resepsi</li>
</ul>
*sudah termasuk sarapan akad 100 Pax

<strong>updated for 2026 RN</strong>",364500000,1000,25000000
Makna Wedding & Event Planner,Paket Lengkap,WEDDING ORGANIZER,"<strong>FASILITAS</strong>
<ol>
 	<li>6 - 7 Crew Akad Nikah</li>
 	<li>15 Crew Resepsi</li>
 	<li>Wedding Planner (Pelayanan pengantin dimulai dari persiapan sampai dengan selesai acara (0% – 100%)</li>
 	<li>Free 2 Orang Penerima Meja Tamu</li>
 	<li>Wedding Checklist / Wedding Book</li>
 	<li>Konsultasi acara akad dan resepsi</li>
 	<li>Konsultasi budget calon pengantin</li>
 	<li>Meeting dengan team wo dan vendor</li>
 	<li>Memonitor semua pelaksanaan Akad dan Resepsi sesuai dengan rundown acara yang telah disepakati sebelumnya</li>
</ol>
<strong>Detail Services :</strong>

<strong>SEBELUM HARI H</strong>
<ol>
 	<li>Free Konsultasi.</li>
 	<li>Pertemuan secara berkala untuk pembahasan konsep acara dan waktu pelaksanaan.</li>
 	<li>Membuat dan memantau “wedding checklist”.</li>
 	<li>Follow up dan koordinasi dengan vendor terkait.</li>
 	<li>Mengatur dan berkoordinasi dengan mempelai dan vendor untuk waktu Technical meeting.</li>
 	<li>Konfirmasi ke orang tua, bestman, bridesmaid, pihak keluarga yang menjadi panitia.</li>
 	<li>Pertemuan dengan pihak keluarga (jika diperlukan).</li>
</ol>
<strong>HARI “H” — WEDDING DAY</strong>
<ol>
 	<li>Tim organizer terdiri dari 5 orang akad dan 15 orang resepsi.</li>
 	<li>Standby 2 jam sebelum prosesi awal masing -masing mempelai (rumah / apartemen / hotel).</li>
 	<li>Koordinasi &amp; briefing dengan pihak keluarga mengenai prosesi pelepasan dan pertemuan pengantin.</li>
 	<li>Menyediakan time Keeper agar acara berlangsung sesuai rundown. (Prosesi pertemuan ke-2 pengantin, persiapan resepsi &amp; acara resepsi).</li>
 	<li>Membantu acara akad nikah serta resepsi dan berkoordinasi dengan pihak yang terkait dalam acara.</li>
 	<li>Pengawasan kinerja para vendor selama acara berlangsung untuk hasil yang maksimal.</li>
 	<li>Gladiresik sebelum acara berlangsung.</li>
 	<li>Memimpin dan memonitor acara resepsi.</li>
 	<li>Memimpin photo session berkoordinasi dengan pihak foto dan video.</li>
 	<li>Belum termasuk biaya menginap untuk bride assistant atau personal assistant untuk acara yang persiapan di hotel yang stand by dari subuh sampai selesai acara</li>
</ol>
<ul>
 	<li><em><strong>Updated for 2025
</strong></em></li>
</ul>",21500000,1000,25000000
Makna Wedding & Event Planner,Paket Lengkap,RUMAH ATAU HALAMAN_1.000 pax,"<strong>Rumah atau Halaman</strong>

<strong>AKAD</strong>

<strong>Dekorasi Akad By Success, Naraya, Hj. Nila, PPM 2</strong>
<ol>
 	<li>Dekorasi Pelaminan Standart Akad Nikah</li>
 	<li>Kasur &amp; Meja Akad Nikah (Lesehan)</li>
 	<li>Hias Kamar Pengantin</li>
</ol>
<strong>Pakaian Akad By IDM, PPM 2, Topan S</strong>
<ol>
 	<li>Busana Pengantin Akad</li>
 	<li>Melati, Sunting (Exc. Topan S)</li>
 	<li>2 Stel Songket lbu Akad</li>
 	<li>2 Stel Beskap &amp; Rumpak Tanjak Bapak</li>
</ol>
<strong>RESEPSI</strong>

<strong>Dekorasi Resepsi By Success, Naraya, Hj. Nila, PPM 2</strong>
<ol>
 	<li>Dekorasi Pelaminan Resepsi Standart</li>
 	<li>Karpet Jalan, Gazebo, Stand Flower, Mini Garden</li>
 	<li>2 meja registrasi, 2 Buah Kotak Angpao</li>
</ol>
<strong>Pakaian Resepsi By IDM, PPM 2, Topan S</strong>
<ol>
 	<li>Busana Pengantin Resepsi</li>
 	<li>Melati, Sunting (Exc. Topan)</li>
 	<li>2 Stel Songket lbu</li>
 	<li>2 Stel Beskap &amp; Rumpak Tanjak Bapak</li>
</ol>
<strong>HIBURAN</strong>
<ol>
 	<li>Tari Persembahan dan Tari Kreasi</li>
 	<li>1 singer + Keyboard + Soundsystem</li>
 	<li>2 Orang MC</li>
</ol>
<strong>TATA RIAS AKAD DAN RESEPSI</strong>
<ol>
 	<li>Tata Rias Pengantin By Ciqa Rizka, MakeupxVini, Dina Yustiana</li>
 	<li>2 Orang Tata Rias lbu Akad Dan Resepsi</li>
</ol>
<strong>CATERING By Diraniga, Hj. Nila</strong>
<ol>
 	<li>Catering 1000 Porsi  (Ayam, Ikan, Daging)</li>
</ol>
<strong>Dokumentasi
</strong><strong>Photographer &amp; Video Shooting Akad dan Resepsi </strong><strong>By Java Photo / Luminore</strong>
<ul>
 	<li>2 Fotografer &amp; 1 Videografer</li>
 	<li>Liputan Foto Video Akad &amp; Resepsi</li>
 	<li>Wedding Clip 1 Menit</li>
 	<li>1 Album Kolase 20x30 15 Sheet + Box Standart</li>
 	<li>All Files Via Online Drive</li>
</ul>
<strong>Photographer &amp; Video Shooting Akad dan Resepsi </strong><strong>By Lenza Photo</strong>
<ul>
 	<li>2 Fotografer &amp; 1 Videografer</li>
 	<li>Liputan Foto Video Akad &amp; Resepsi (Max. 1 hari)</li>
 	<li>Wedding Clip 1 Menit</li>
 	<li>1 Album Kolase Uk. 20×30 15 Sheet Box Standart</li>
 	<li>All Files Via Online Drive</li>
</ul>
<strong>LAIN LAIN</strong>
<ol>
 	<li>Henna by Ulie ag, Lalazahenna</li>
 	<li>Lulur &amp; Tangas</li>
 	<li>10 akrilik + 10 rotan Keranjang Hantaran Free Dekor dan 1 Buah Tempat Mas Kawin</li>
 	<li>WO Akad &amp; Resepsi</li>
 	<li>Free 2 Orang Penerima Meja Tamu</li>
 	<li>4 Buah Buku Tamu</li>
</ol>
<em><strong>Update 2025</strong></em>",152000000,1000,25000000
Makna Wedding & Event Planner,Paket Lengkap,BAMBANG UTOYO I_300 pax,"<strong>FASILITAS</strong>
<ul>
 	<li>Pemakaian semua area BU1 selama maksimal 7 jam</li>
 	<li>Standar Dekorasi (BU 1 in house) by Elextra, weddingsme, nadysa</li>
</ul>
<ol>
 	<li>Dekorasi Panggung</li>
 	<li>Wedding gate</li>
 	<li>Bunga jalan</li>
 	<li>Meja tamu</li>
</ol>
<ul>
 	<li>Pemakaian 2 ruangan yang bisa dipakai untuk ruang transit keluarga dan ruang make up</li>
 	<li>Kursi plastic bersarung sebanyak 86 pcs</li>
 	<li>Bangku taman sebanyak 10 pcs</li>
 	<li>Sound system khusus indoor untuk akad</li>
 	<li>Listrik 10.000 watt</li>
 	<li>Misty fan 4 buah</li>
 	<li>TV LED 43 inch</li>
 	<li>FREE:</li>
</ul>
<ol>
 	<li>Pemakaian area indoor untuk Akad (dihari yang sama) full AC</li>
 	<li>Voucher Pre-Wedding</li>
 	<li>Voucher makan di Bonn Café senilai Rp.250.000,-</li>
 	<li>Es sop buah untuk 150 pax</li>
 	<li>Free charge food stall dari luar sebanyak 3 item</li>
 	<li>Free charge kebersihan</li>
 	<li>Free charge dekorasi dari luar</li>
 	<li>Free charge entertain dari luar</li>
 	<li>Gladi Resik sebelum acara</li>
 	<li>Free parkir</li>
</ol>
<p><strong>CATERING by TIARA CATERING </strong></p>

<ul>
 	<li>Ayam, daging 300 PAX</li>
</ul>
<strong>HIBURAN</strong>
<ul>
 	<li>MC 2 orang</li>
 	<li>Tarian persembahan dan Tari Kreasi</li>
 	<li>Sound System</li>
 	<li>Full Band+ singer</li>
</ul>
<p><strong>PAKAIAN RESEPSI BY IDM / PPM II / TOPAN SAPTA</strong></p>

<ul>
 	<li>Pakaian Resepsi, Sunting, Melati (exc topan)</li>
 	<li>2 bh Songket Ibu</li>
 	<li>2 bh Pakaian Rumpak Tanjak Bapak Resepsi</li>
</ul>
<p><strong>PAKAIAN AKAD BY IDM / PPM II / TOPAN SAPTA</strong></p>

<ul>
 	<li>Pakaian Akad, Sunting, Melati (exc topan)</li>
 	<li>2 bh Songket Ibu Akad</li>
 	<li>2 bh Pakaian Rumpak Tanjak Bapak Akad</li>
</ul>
<p><strong>DOKUMENTASI BY Lenza, Arsa, Kitarindu</strong></p>

<ul>
 	<li>Photographer &amp; Video Shooting Akad Resepsi</li>
</ul>
<p><strong>TATA RIAS By ciqarizka, indahashaa, dina yustiana, shanty n, ciciknia (1 hari)</strong></p>

<ul>
 	<li>Tata Rias Pengantin</li>
 	<li>Tata Rias Ibu Pengantin 2 Org by Team</li>
</ul>
<p><strong>LAIN LAIN</strong></p>

<ul>
 	<li>Penambahan 100 kursi plastik + sarung</li>
 	<li>Henna by lalazahenna, Ulie Ag, niahennart</li>
 	<li>20 item hantaran + 1 box cincin by Bilbo, formysonhantaran</li>
 	<li>Lulur Tangas</li>
 	<li>4 Buah Buku Tamu</li>
 	<li>Wo Akad dan Resepsi</li>
 	<li>2 Orang Penerima Tamu</li>
</ul>",143500000,300,25000000
Makna Wedding & Event Planner,Paket Lengkap,RUMAH LIMAS CONVENTION_1.000 pax,"<strong>FASILITAS</strong>
<ul>
 	<li>Pemakaian Ruangan Selama 5 Jam</li>
 	<li>Sound System + Sound Man</li>
 	<li>Proyektor + Giant Screen</li>
 	<li>Standart Lighting Gedung</li>
 	<li>VIP 10 Round Table</li>
 	<li>Dekorasi Pelaminan</li>
 	<li>Jemput Antar Mobil Tamu dari Parkir ke Gedung</li>
</ul>
<strong>Catering</strong> By Hj Nila/Diraniga
<ul>
 	<li>Catering 1.000 pax</li>
 	<li>Menu Utama (Ayam,Ikan, Daging)</li>
</ul>
<strong>Akad</strong>
<ul>
 	<li>Pakaian Akad By Topan Sapta, RickyIDM, PPM2, Rumah Limas</li>
 	<li>Sunting + Melati Pengantin Akad (Exc. Topan S)</li>
 	<li>2 bh Songket Ibu Akad</li>
 	<li>2 bh Pakaian Rumpak Tanjak Bapak Akad</li>
</ul>
<strong>Resepsi</strong>
<ul>
 	<li>Pakaian Akad By Topan Sapta (exl Sunting), IDM, PPM2, Rumah Limas</li>
 	<li>Sunting + Melati Pengantin Akad (Exc. Topan S)</li>
 	<li>2 bh Songket Ibu</li>
 	<li>2 bh Pakaian Rumpak Tanjak Bapak Resepsi</li>
</ul>
<strong>Hiburan</strong>
<ul>
 	<li>Tari Persembahan &amp; Tari Kreasi</li>
 	<li>MC 2 orang</li>
 	<li>Full Band By Soulmate</li>
</ul>
<strong>DOKUMENTASI
</strong><strong>Photographer &amp; Video Shooting Akad dan Resepsi </strong><strong>By Java/Luminore/Lenza Photo</strong>
<ul>
 	<li>2 Fotografer &amp; 1 Videografer</li>
 	<li>Liputan Foto Video Akad &amp; Resepsi (Max. 2 Hari)</li>
 	<li>Wedding Clip 1 Menit</li>
 	<li>1 Album Kolase 20x30 15 Sheet + Box Standart</li>
 	<li>All Files Via Online Drive</li>
</ul>
<strong>Tata Rias / MUA</strong> By Ciqa Rizka, makeupxvini, Dina yunistyana, Yuki Pratiwi
<ul>
 	<li>Tata Rias Pengantin</li>
 	<li>Tata Rias Ibu Pengantin 2 Org</li>
</ul>
<strong>Lain - lain </strong>
<ul>
 	<li>Henna by Ulie AG, Lala Zahenna</li>
 	<li>Lulur Tangas by Idha HomeSpa</li>
 	<li>WO Akad dan Resepsi By Makna Wedding</li>
 	<li>Free 2 Orang Penerima Meja Tamu</li>
</ul>

Updated by Fr 9/11/25",187750000,1000,25000000
Makna Wedding & Event Planner,Paket Lengkap,GRAHA SAKO_1.000 pax,"<strong>FASILITAS</strong>
<ul>
 	<li>Pelaminan Modern By Graha Sako</li>
 	<li>Dekorasi Taman Depan Panggung</li>
 	<li>Meja Penerima Tamu &amp; Buku Tamu</li>
 	<li>Kotak Amplop</li>
 	<li>Lighting</li>
 	<li>MC &amp; Penyanyi</li>
 	<li>Organ Tunggal</li>
 	<li>Sound System</li>
 	<li>Ruang Full AC Kapasitas 1000 seat</li>
 	<li>Ruang Tunggu Pengantin</li>
 	<li>Ruang Hias</li>
 	<li>Kursi VIP &amp; Kursi Stainless</li>
</ul>
<strong>Catering</strong>
<ul>
 	<li>1000 pax (Ayam, Daging) by Diraniga</li>
</ul>
<strong>Akad</strong>
<ul>
 	<li>Pakaian Pengantin Akad By RickyIDM, Putri Pinang Masak 2</li>
 	<li>Sunting+Melati Pengantin Akad</li>
 	<li>2 Stel Songket lbu Akad</li>
 	<li>2 Stel Beskap &amp; Rumpak Tanjak Bapak</li>
 	<li>Dekorasi Pelaminan Standart Akad Nikah By Success Decoration</li>
 	<li>Kasur &amp; Meja Akad Nikah (Lesehan)</li>
 	<li>Hias Kamar Pengantin</li>
 	<li>20 Buah Keranjang Hantaran Free Dekor by Decor Story, Seadara, Bilbo1 Buah Tempat Mas Kawin</li>
</ul>
<strong>Resepsi</strong>
<ul>
 	<li>Pakaian Pengantin Resepsi By RickyIDM, Putri Pinang Masak 2</li>
 	<li>Sunting+Melati Pengantin Resepsi</li>
 	<li>2 Songket lbu Resepsi</li>
 	<li>2 Beskap &amp; Rumpak Tanjak Resepsi</li>
</ul>
<strong>Tata Rias</strong>
<ul>
 	<li>Tata Rias Pengantin By Miao Miao, Ciqa Rizka, makeupxvini, indah ashaa, Shanty N (1 hari)</li>
 	<li>Tata Rias Ibu Pengantin 2 Org By Team</li>
</ul>
<strong>DOKUMENTASI b</strong><strong>y Java Photo / Luminore / Lenza Photo (1 hari)
</strong>
<ul>
 	<li>2 Fotografer &amp; 1 Videografer</li>
 	<li>Liputan Foto Video Akad &amp; Resepsi (Max. 2 Hari)</li>
 	<li>Wedding Clip 1 Menit</li>
 	<li>1 Album Kolase 20x30 15 Sheet + Box Standart</li>
 	<li>All Files Via Online Drive</li>
</ul>
<strong>HIBURAN</strong>
<ul>
 	<li>2 Orang MC</li>
 	<li>Tari Persembahan dan Tari kreasi Resepsi</li>
</ul>
<strong>LAIN LAIN</strong>
<ul>
 	<li>Henna by Ulie Ag, Lala Zahenna, Viarthenna, Niahennaart</li>
 	<li>Lulur Tangas</li>
 	<li>WO Akad &amp; Resepsi</li>
 	<li>Free 2 Orang Penerima Meja Tamu</li>
</ul>
<em><strong>Updated 2023 by Hera</strong></em>",148500000,1000,25000000
Makna Wedding & Event Planner,Paket Lengkap,AKAD AJA DULU_RUMAH_100 pax,"<strong>FASILITAS</strong>

<strong>Catering by Hj Nila</strong>
<ol>
 	<li>(Ayam Ikan Daging) 100 Pax</li>
</ol>
<strong>Dekorasi Akad Nikah by  PPM II, Naraya, Success, ILook, Simplyline</strong>
<ol>
 	<li>Backdrop</li>
 	<li>Meja Kursi Akad</li>
 	<li>Hias Kamar Pengantin</li>
</ol>
<strong>Pakaian Akad Nikah by IDM, PPM II, Topan S</strong>
<ol>
 	<li>Pakaian Pengantin</li>
 	<li>Sunting, melati (exc. Topan)</li>
 	<li>2 Songket Ibu</li>
 	<li>2 Beskap Rumpak Tanjak Bapak</li>
</ol>
<strong>Dokumentasi by Lenza, Ink, java, Luminore</strong>
<ol>
 	<li>Photographer &amp; Videographer Akad</li>
</ol>
<strong>MUA by Ciqarizka, Vini, Dina Yustiana, indah asha, yuki pratiwi, ciciknia</strong>
<ol>
 	<li>Makeup Pengantin Akad</li>
 	<li>Makeup 2 Mama by Team</li>
</ol>
<strong>Lain lain</strong>
<ol>
 	<li>1 Org MC Akad</li>
 	<li>Henna by Lalazahenna, Ulie Ag</li>
 	<li>Lulur Tangas</li>
 	<li>Kotak seserahan 10 akrilik, 10 rotan</li>
 	<li>Soundsystem</li>
 	<li>Tenda Standard 2 Unit</li>
 	<li>Kursi Plastik + Sarung 100 pcs</li>
 	<li>Wedding Planner and Organizer Akad</li>
</ol>
Updated by Fira for 2025",59500000,100,25000000
Makna Wedding & Event Planner,Paket Lengkap,GRAND ATYASA AKAD_300 pax,"<strong>FASILITAS</strong>
<ul>
 	<li>Fasilitas Gedung Lt. 1</li>
 	<li>Makanan Prasmanan 300 Pax (Menu Ayam, Ikan, Daging)</li>
 	<li>Free 2 meja penerima tamu, 2 buku tamu, dan 2 kotak angpao</li>
 	<li>1 unit LCD projector + screen</li>
</ul>
<strong>Busana Akad Pengantin by Rickyidm / Topan S / Pinang Masak</strong>
<ul>
 	<li>Pakaian Akad</li>
 	<li>Sunting dan Melati Pengantin Akad (exc. Topan S)</li>
 	<li>2 bh Songket Ibu Akad</li>
 	<li>2 bh Pakaian Rumpak Tanjak Bapak Akad</li>
</ul>
<strong>DOKUMENTASI
</strong><strong>Photographer &amp; Video Shooting Akad </strong><strong>By Java Photo / Luminore /Lenza</strong>
<ul>
 	<li>2 Fotografer &amp; 1 Videografer</li>
 	<li>Liputan Foto Video Akad</li>
 	<li>Wedding Clip 1 Menit</li>
 	<li>1 Album Kolase 20x30 15 Sheet + Box Standart</li>
 	<li>All Files Via Online Drive</li>
</ul>
<strong>Tata Rias By Ciqarizka / Indah Asyaa / Makeupxvini /Cellyskinoi / Ciciknia</strong>
<ul>
 	<li>Tata Rias Pengantin</li>
 	<li>Tata Rias Ibu Pengantin 2 Org</li>
</ul>
<strong>Lain – Lain</strong>
<ul>
 	<li>Dekorasi Pelaminan Akad</li>
 	<li>1 MC</li>
 	<li>20 Keranjang Hantaran</li>
 	<li>Henna, Lulur &amp; Tangas</li>
 	<li>Wedding Planner + Organizer 5-7 Crew</li>
</ul>",89000000,300,25000000
Makna Wedding & Event Planner,Paket Lengkap,BAMBANG UTOYO I AKAD_50 pax,"<strong>FASILITAS BU SATU</strong>
<ul>
 	<li>Catering 50 Pax</li>
 	<li>Dekorasi Akad</li>
 	<li>Sound System</li>
</ul>
<strong>BUSANA AKAD PENGANTIN BY RICKYIDM/ ELEGANCE/ PINANG MASAK</strong>
<ul>
 	<li>Pakaian Akad Sunting dan Melati Pengantin Akad</li>
 	<li>2 bh Songket Ibu Akad</li>
 	<li>2 bh Pakaian Rumpak Tanjak Bapak Akad</li>
 	<li>4 bh Pakaian Rumpak Tanjak Keluarga Akad</li>
</ul>
<strong>DOKUMENTASI
</strong><strong>Photographer &amp; Video Shooting Akad </strong><strong>By Java Photo / Luminore</strong>
<ul>
 	<li>2 Fotografer &amp; 1 Videografer</li>
 	<li>Liputan Foto Video Akad</li>
 	<li>Wedding Clip 1 Menit</li>
 	<li>1 Album Kolase 20x30 15 Sheet + Box Standart</li>
 	<li>All Files Via Online Drive</li>
</ul>
<strong>Photographer &amp; Video Shooting Akad </strong><strong>By Lenza Photo</strong>
<ul>
 	<li>2 Fotografer &amp; 1 Videografer</li>
 	<li>Liputan Foto Video Akad</li>
 	<li>1 Album Kolase Uk. 20×30 15 Sheet Box Standart</li>
 	<li>DVD All Files Wedding</li>
</ul>
<strong>TATA RIAS BY MIAOMAKEUP / CIQARIZKA / INDAH ASYAA</strong>
<ul>
 	<li>Tata Rias Pengantin</li>
 	<li>Tata Rias Ibu Pengantin 2 Org (by team MUA)</li>
</ul>
<strong>LAIN – LAIN</strong>
<ul>
 	<li>20 Keranjang Hantaran by Decor Story, Seadara, Bilbo</li>
 	<li>Henna by Nia Henna Art, Ulie AG, Lala Zahenna</li>
 	<li>Lulur &amp; Tangas By La Sheilla</li>
 	<li>Wedding Planner + Organizer 5-10 Crew</li>
 	<li>Free 2 Orang Penerima Meja Tamu</li>
 	<li>1 MC</li>
</ul>",72800000,50,25000000
Makna Wedding & Event Planner,Paket Lengkap,THE SULTAN CONVENTION AKAD_300 pax,"<strong>Fasilitas Gedung The Sultan (Ballroom Tengah)</strong>

<strong>Weekday Only</strong>
<ol>
 	<li>Pemakaian Gedung selama 2 Jam (lebih dari 2 jam dikenakan charge)</li>
 	<li>Sound System</li>
 	<li>Meja &amp; Kursi</li>
 	<li>Makanan 300 Pax</li>
 	<li>Appetizer (1)</li>
 	<li>Soup (1)</li>
 	<li>Ayam &amp; Ikan atau Daging &amp; Ikan</li>
 	<li>Sayur (1)</li>
 	<li>Makanan Pendamping (1)</li>
 	<li>Dessert (1)</li>
 	<li>Nasi Putih, Kerupuk &amp; Sambal</li>
 	<li>Air Mineral</li>
</ol>
<strong>Busana Akad Pengantin by Rickyidm/ PPM II/ Pinang Masak </strong>
<ol>
 	<li>Pakaian Akad Sunting dan Melati Pengantin Akad</li>
 	<li>2 bh Songket Ibu Akad</li>
 	<li>2 bh Pakaian Rumpak Tanjak Bapak Akad</li>
</ol>
<strong>DOKUMENTASI
Photographer &amp; Video Shooting Akad  By Java Photo / Luminore
</strong>
<ol>
 	<li>2 Fotografer &amp; 1 Videografer</li>
 	<li>Liputan Foto Video Akad</li>
 	<li>Wedding Clip 1 Menit</li>
 	<li>1 Album Kolase 20x30 15 Sheet + Box Standart</li>
 	<li>All Files Via Online Drive</li>
</ol>
<strong>Photographer &amp; Video Shooting Akad </strong><strong>By Lenza Photo</strong>
<ol>
 	<li>2 Fotografer &amp; 1 Videografer</li>
 	<li>Liputan Foto Video Akad</li>
 	<li>1 Album Kolase Uk. 20×30 15 Sheet Box Standart</li>
 	<li>DVD All Files Wedding</li>
</ol>
<strong>Tata Rias By Miaomakeup / Ciqarizka / Indah Asyaa</strong>
<ol>
 	<li>Tata Rias Pengantin</li>
 	<li>Tata Rias Ibu Pengantin 2 Org</li>
</ol>
<strong>Lain – Lain</strong>
<ol>
 	<li>Dekorasi Pelaminan Akad</li>
 	<li>20 Keranjang Hantaran</li>
 	<li>Henna, Lulur &amp; Tangas By La Sheilla</li>
 	<li>Wedding Planner + Organizer 5-10 Crew</li>
 	<li>Free 2 Orang Penerima Meja Tamu</li>
 	<li>1 MC</li>
</ol>",98000000,300,25000000
Makna Wedding & Event Planner,Paket Lengkap,THE SULTAN AKAD_100 pax MUSHOLAH,"<strong>Fasilitas The Sultan (Musholah / Sayap Kiri atau Kanan Ballroom)</strong>

<strong>Weekday Only</strong>
<ul>
 	<li>Sound System</li>
 	<li>Makanan 100 Pax
- Appetizer (1)
- Soup (1)
- Ayam &amp; Ikan atau Daging &amp; Ikan
- Sayur (1)
- Makanan Pendamping (1)
- Dessert (1)</li>
 	<li>Nasi Putih, Kerupuk &amp; Sambal</li>
 	<li>Air Mineral</li>
</ul>
<strong>Busana Akad Pengantin by Rickyidm/ Elegance/ Pinang Masak </strong>
<ul>
 	<li>Pakaian Akad Sunting dan Melati Pengantin Akad</li>
 	<li>2 bh Songket Ibu Akad</li>
 	<li>2 bh Pakaian Rumpak Tanjak Bapak Akad</li>
</ul>
<strong>DOKUMENTASI
</strong><strong>Photographer &amp; Video Shooting Akad </strong><strong>By Java Photo / Luminore</strong>
<ul>
 	<li>2 Fotografer &amp; 1 Videografer</li>
 	<li>Liputan Foto Video Akad</li>
 	<li>Wedding Clip 1 Menit</li>
 	<li>1 Album Kolase 20x30 15 Sheet + Box Standart</li>
 	<li>All Files Via Online Drive</li>
</ul>
<strong>Photographer &amp; Video Shooting Akad </strong><strong>By Lenza Photo</strong>
<ul>
 	<li>2 Fotografer &amp; 1 Videografer</li>
 	<li>Liputan Foto Video Akad</li>
 	<li>1 Album Kolase Uk. 20×30 15 Sheet Box Standart</li>
 	<li>DVD All Files Wedding</li>
</ul>
<strong>Tata Rias By Miaomakeup / Ciqarizka / Indah Asyaa</strong>
<ul>
 	<li>Tata Rias Pengantin</li>
 	<li>Tata Rias Ibu Pengantin 2 Org</li>
</ul>
<strong>Lain – Lain</strong>
<ul>
 	<li>Dekorasi Pelaminan Akad</li>
 	<li>20 Keranjang Hantaran</li>
 	<li>Henna, Lulur &amp; Tangas By La Sheilla</li>
 	<li>Wedding Planner + Organizer 5-10 Crew</li>
 	<li>Free 2 Orang Penerima Meja Tamu</li>
 	<li>1 MC</li>
</ul>",49000000,100,25000000
Makna Wedding & Event Planner,Paket Lengkap,RUMAH LIMAS (AKAD)_100 PAX,"<strong>Fasilitas Rumah Limas</strong>
<ul>
 	<li> Ruangan 5 Jam Full AC</li>
 	<li> Pelaminan Standard</li>
 	<li>Kursi &amp; Meja Akad</li>
 	<li>Meja Tamu</li>
 	<li> Kotak angpao</li>
 	<li> VIP Round Table</li>
 	<li> Keyboard + Singer</li>
 	<li> Sound system + Operator Keamanan &amp; Parkir</li>
 	<li> Mobil Antar jemput parkir</li>
</ul>
<strong>Catering by Hj Nila 100 pax</strong>
<ul>
 	<li>ayam, daging</li>
</ul>
<strong>Busana Akad Pengantin by Rumah Limas, RickyIDM, PPM 2</strong>
<ul>
 	<li>Pakaian Pengantin Akad dan Sunting, Melati Pengantin Akad</li>
 	<li>2 bh Songket Ibu Akad</li>
 	<li>2 bh Pakaian Rumpak Tanjak Bapak Akad</li>
</ul>
<strong>DOKUMENTASI
</strong><strong>Photographer &amp; Video Shooting Akad </strong><strong>By Java Photo / Luminore /Lenza Photo
</strong>
<ul>
 	<li>2 Fotografer &amp; 1 Videografer</li>
 	<li>Liputan Foto Video Akad</li>
 	<li>1 Album Kolase 20x30 15 Sheet + Box Standart</li>
 	<li>All Files Via Online Drive</li>
</ul>
<strong>Tata Rias By Ciqarizka / Indah Asyaa / makeupxvini / Yuki Pratiwi / Dina Yustyana</strong>
<ul>
 	<li>Tata Rias Pengantin Akad</li>
 	<li>Tata Rias Ibu Pengantin 2 Org</li>
</ul>
<strong>Lain – Lain</strong>
<ul>
 	<li>Prosesi Kandang Adat + Cacap Suap</li>
 	<li>1 MC Akad</li>
 	<li>20 Keranjang Hantaran</li>
 	<li>Henna</li>
 	<li>Lulur &amp; Tangas</li>
 	<li>Wedding Planner + Organizer Akad</li>
</ul>
<em><strong>Updated 2025 by Fr</strong></em>",92000000,100,25000000
Makna Wedding & Event Planner,Paket Lengkap,AKAD SRI MELAYU (100 Pax),"<strong>Fasilitas Gedung Sri Melayu</strong>
<ul>
 	<li>Pelaminan Standart</li>
 	<li>Lighting Standart (Panggung Utama &amp; Gate)</li>
 	<li>Pemakaian 1 Kotak Angpao dan 1 Bukut Tamu</li>
 	<li>Standart Sound System</li>
 	<li>Proyektor + Giant  Screen</li>
 	<li>Pemakaian Ruangan selama 6 jam</li>
 	<li>Pemakaian Ruang Tunggu Keluarga</li>
 	<li>Pemakaian Ruang Make Up</li>
 	<li>Makanan 100 Pax (Ayam, Daging, Ikan)</li>
 	<li>Bonus (Free : Jus, Puding, Kue Tampah untuk VIP &amp; Keluarga)</li>
 	<li>Parkir Gratis</li>
</ul>
<strong>Busana Akad Pengantin by Rickyidm/ Elegance/ Pinang Masak </strong>
<ul>
 	<li>Pakaian Akad Sunting dan Melati Pengantin Akad</li>
 	<li>2 bh Songket Ibu Akad</li>
 	<li>2 bh Pakaian Rumpak Tanjak Bapak Akad</li>
</ul>
<strong>DOKUMENTASI
</strong><strong>Photographer &amp; Video Shooting Akad </strong><strong>By Java Photo / Luminore</strong>
<ul>
 	<li>2 Fotografer &amp; 1 Videografer</li>
 	<li>Liputan Foto Video Akad</li>
 	<li>Wedding Clip 1 Menit</li>
 	<li>1 Album Kolase 20x30 15 Sheet + Box Standart</li>
 	<li>All Files Via Online Drive</li>
</ul>
<strong>Photographer &amp; Video Shooting Akad </strong><strong>By Lenza Photo</strong>
<ul>
 	<li>2 Fotografer &amp; 1 Videografer</li>
 	<li>Liputan Foto Video Akad</li>
 	<li>1 Album Kolase Uk. 20×30 15 Sheet Box Standart</li>
 	<li>DVD All Files Wedding</li>
</ul>
<strong>Tata Rias By Miaomakeup / Ciqarizka / Indah Asyaa / Shanty Nugraha</strong>
<ul>
 	<li>Tata Rias Pengantin</li>
 	<li>Tata Rias Ibu Pengantin 2 Org</li>
</ul>
<strong>Lain – Lain</strong>
<ul>
 	<li>20 Keranjang Hantaran</li>
 	<li>Henna, Lulur &amp; Tangas By La Sheilla</li>
 	<li>Wedding Planner + Organizer 5-10 Crew</li>
 	<li>Free 2 Orang Penerima Meja Tamu</li>
 	<li>1 MC</li>
</ul>",50000000,100,25000000
Makna Wedding & Event Planner,Paket Lengkap,SOMA AKAD_100 pax,"<strong>Fasilitas Soma 100 Pax</strong>
<ul>
 	<li>Ruangan Akad Nikah</li>
 	<li>Maksimal 100 Orang</li>
 	<li>Sound System</li>
 	<li>VIP Bridal Room</li>
 	<li>Angpao box &amp; Guest book</li>
 	<li>Protokol Kesehatan</li>
</ul>
<strong>Menu Akad 100 Pax by Soma</strong>
<ul>
 	<li>The/Kopi</li>
 	<li>Bubur Kampung/Lontong Sayur</li>
 	<li>Pisang Goreng</li>
</ul>
<strong>Busana Akad Pengantin by Rickyidm/ Elegance/ Pinang Masak </strong>
<ul>
 	<li>Pakaian Akad Sunting dan Melati Pengantin Akad</li>
 	<li>2 bh Songket Ibu Akad</li>
 	<li>2 bh Pakaian Rumpak Tanjak Bapak Akad</li>
 	<li>4 bh Pakaian Rumpak Tanjak Keluarga Akad</li>
</ul>
<strong>Dokumentasi
</strong><strong>Photographer &amp; Video Shooting Akad </strong><strong>By Java Photo / Luminore</strong>
<ul>
 	<li>2 Fotografer &amp; 1 Videografer</li>
 	<li>Liputan Foto Video Akad</li>
 	<li>Wedding Clip 1 Menit</li>
 	<li>1 Album Kolase 20x30 15 Sheet + Box Standart</li>
 	<li>All Files Via Online Drive</li>
</ul>
<strong>Photographer &amp; Video Shooting Akad </strong><strong>By Lenza Photo</strong>
<ul>
 	<li>2 Fotografer &amp; 1 Videografer</li>
 	<li>Liputan Foto Video Akad</li>
 	<li>1 Album Kolase Uk. 20×30 15 Sheet Box Standart</li>
 	<li>DVD All Files Wedding</li>
</ul>
<strong>Tata Rias By Miaomakeup / Ciqarizka / Indah Asyaa</strong>
<ul>
 	<li>Tata Rias Pengantin</li>
 	<li>Tata Rias Ibu Pengantin 2 Org</li>
</ul>
<strong>Lain – Lain</strong>
<ul>
 	<li>Dekorasi Pelaminan Akad by JJ Dekorasi, Rumah Limas, Pinang Masak</li>
 	<li>20 Keranjang Hantaran</li>
 	<li>Henna, Lulur &amp; Tangas By La Sheilla</li>
 	<li>Wedding Planner + Organizer 5-10 Crew</li>
 	<li>MC (1 Org)</li>
 	<li>Free 2 Orang Penerima Meja Tamu</li>
 	<li>1 MC Akad</li>
</ul>",77000000,100,25000000
Makna Wedding & Event Planner,Paket Lengkap,GOLDEN SRIWIJAYA AKAD_100 pax,"<strong>FASILITAS</strong>

<strong>WEEKDAY ONLY</strong>

<strong>Fasilitas Gedung (Hall C)</strong>
<ul>
 	<li>Sound System</li>
 	<li>Kursi &amp; Meja</li>
 	<li>Round Table</li>
 	<li><strong>Catering</strong> 100 pax Ayam, Ikan dan Daging</li>
</ul>
<strong>Busana Akad Pengantin</strong> by Rickyidm / Elegance/ Pinang Masak 2
<ul>
 	<li>Pakaian Akad Sunting dan Melati Pengantin Akad</li>
 	<li>2 bh Songket Ibu Akad</li>
 	<li>2 bh Pakaian Rumpak Tanjak Bapak Akad</li>
</ul>
<strong>Dokumentasi </strong>

<strong>Photographer &amp; Video Shooting Akad</strong>
<ul>
 	<li>2 Fotografer &amp; 1 Videografer</li>
 	<li>Liputan Foto Video Akad</li>
 	<li>Wedding Clip 1 Menit</li>
 	<li>1 Album Kolase 20x30 15 Sheet + Box Standart</li>
 	<li>All Files Via Online Drive</li>
</ul>
<strong>Photographer &amp; Video Shooting Akad </strong>

<strong>By Lenza Photo</strong>
<ul>
 	<li>2 Fotografer &amp; 1 Videografer</li>
 	<li>Liputan Foto Video Akad</li>
 	<li>1 Album Kolase Uk. 20×30 15 Sheet Box Standart</li>
 	<li>DVD All Files Wedding</li>
</ul>

<strong>Tata Rias</strong> By Miaomakeup / Ciqarizka / Indah Asyaa / Shanty Nugraha
<ul>
 	<li>Tata Rias Pengantin</li>
 	<li>Tata Rias Ibu Pengantin 2 Org</li>
</ul>
<strong>Lain – Lain</strong>
<ul>
 	<li>Dekorasi Pelaminan Akad</li>
 	<li>20 Keranjang Hantaran by Decor Story, Seadara, Bilbo</li>
 	<li>Henna, Lulur &amp; Tangas by Nia Henna Art, Ulie AG, Lala Zahenna</li>
 	<li>Wedding Planner + Organizer 5-10 Crew</li>
 	<li>Free 2 Orang Penerima Meja Tamu</li>
 	<li>MC Akad Nikah</li>
</ul>
<strong><em>- Update 2023 by Hera -</em></strong>",69000000,100,25000000
Makna Wedding & Event Planner,Paket Lengkap,RAMBANG SEMESTA_1000 pax,"<strong>Fasilitas</strong>
<ul>
 	<li>Pemakaian tempat selama 5 jam</li>
 	<li>1000 unit kursi tamu</li>
 	<li>infokus &amp; layar proyektor 96""</li>
 	<li>Full dekorasi permanent</li>
 	<li>sound system</li>
 	<li>solo keyboard + singer</li>
</ul>
<strong>Catering By Diraniga/hj nila</strong>
<ul>
 	<li>1.000 porsi (Ayam, Ikan, Daging)</li>
</ul>
<strong>Dokumentasi By Luminore / Java / Arsa / Lenza (1 hari)</strong>
<ul>
 	<li>Photographer &amp; Video Shooting Akad dan Resepsi</li>
</ul>
<strong>Akad</strong>
<ul>
 	<li>Pakaian Akad By IDM, Topan S, Pinang Masak 2</li>
 	<li>Sunting+Melati Pengantin Akad (exc. Topan S)</li>
 	<li>2 bh Songket Ibu Akad</li>
 	<li>2 bh Pakaian Rumpak Tanjak Bapak Akad</li>
</ul>
<strong>Resepsi</strong>
<ul>
 	<li>Pakaian Resepsi By IDM, Topan S, Pinang Masak 2</li>
 	<li>Sunting+Melati Pengantin Resepsi (exc. Topan S)</li>
 	<li>2 bh Songket Ibu Resepsi</li>
 	<li>2 bh Pakaian Rumpak Tanjak Bapak Resepsi</li>
</ul>
<strong>Tata Rias</strong>
<ul>
 	<li>Tata Rias Pengantin By Miao Miao, Ciqa Rizka, Vini, Indah ashaa, ciciknia, Shanty N</li>
 	<li>Tata Rias Ibu Pengantin 2 Org By Team</li>
</ul>
<strong>Hiburan</strong>
<ul>
 	<li>Tari Persembahan &amp; Tari Kreasi</li>
 	<li>2 Org MC Resepsi</li>
 	<li>1 Orang MC Akad Nikah</li>
</ul>
<strong>Lain - Lain</strong>
<ul>
 	<li>Hantaran 10 Akrilik, 10 Rotan dan Kotak Emas Kawin by Bilbo, formysonhantaran</li>
 	<li>Lulur, Tangas</li>
 	<li>Henna by Lala Zahenna, Ulie AG</li>
 	<li>Wedding Planner Akad dan Resepsi By Makna Wedding</li>
 	<li>Free 2 penerima tamu dan Wedding Book</li>
 	<li>Free 2 Kamar Hotel 1 Malam</li>
</ul>
*belum termasuk sarapan akad

<strong>UPDATE 2025 by RN</strong>",185500000,1000,25000000
Makna Wedding & Event Planner,Paket Lengkap,CHARITAS CONVENTION_1.000 pax,"<strong>Fasilitas Charitas Convention Center</strong>
<ol>
 	<li>Pemakian Ruang Max 6 Jam</li>
 	<li>Pemakaian Ruang Kapasitas 1200 Kursi</li>
 	<li>Kursi Tamu 1000 (Pakai Sarung)</li>
 	<li>Panggung Permanen + Podium</li>
 	<li>Sofa Minimalis 16 buah + Meja</li>
 	<li>Gratis Parkir Kapasitas 300 Mobil</li>
 	<li>Ruang Transit Pengganti</li>
 	<li>2 Ruang Make Up</li>
 	<li>Toilet 4 buah Wanita &amp; Pria</li>
 	<li>Pemakaian AC</li>
 	<li>Pemakaian Listrik + Genset</li>
 	<li>Meja Pondokan 6 buah</li>
 	<li>Proyektor + Screen</li>
 	<li>Soundsystem</li>
 	<li>Dekorasi:</li>
</ol>
<ul>
 	<li>Pelaminan Resepsi</li>
 	<li>Mini Garden</li>
 	<li>Gazebo</li>
 	<li>Standing Flowers</li>
 	<li>Photobooth</li>
 	<li>Red Carpet</li>
 	<li>Profesional Lighting</li>
 	<li>Meja Registrasi 4 buah</li>
 	<li>2 bh kotak angpao</li>
</ul>
<strong>Catering By Diraniga Catering</strong>
<ol>
 	<li>1000 Pax (ayam, daging)</li>
</ol>
<strong>Akad By IDM, Topan Sapta, PPM2</strong>
<ol>
 	<li>Pakaian Akad</li>
 	<li>Sunting dan Melati Pengantin Akad (Exc. Topan S)</li>
 	<li>2 pcs Songket Ibu Akad</li>
 	<li>2 pcs Pakaian Rumpak Tanjak Bapak Akad</li>
</ol>
<strong>Resepsi By IDM, Topan Sapta, PPM2</strong>
<ol>
 	<li>Pakaian Resepsi</li>
 	<li>Sunting dan Melati Pengantin Resepsi (Exc. Topan S)</li>
 	<li>2 pcs Songket Ibu Resepsi</li>
 	<li>2 pcs Pakaian Rumpak Tanjak Bapak Resepsi</li>
</ol>
<strong>Dokumentasi By Lenza Photo, ink, Arsa ( 1 hari )</strong>
<ol>
 	<li>Photographer &amp; Video Shooting Akad dan Resepsi</li>
 	<li>Liputan Foto Video Akad &amp; Resepsi</li>
 	<li>1 Album Kolase &amp; Box Standart</li>
 	<li>All Files Online Drive</li>
</ol>
<strong>Tata Rias </strong><strong>
</strong>
<ol>
 	<li>Tata Rias Pengantin Akad dan Resepsi By Indah ashaa, vini, ciqa, dina, shanty n, yukipratiwi (1 hari)</li>
 	<li>Tata Rias Ibu Pengantin 2 Org Akad dan Resepsi By Mom MUA Team</li>
</ol>
<strong>Hiburan</strong>
<ol>
 	<li>Tarian Persembahan dan Tari Kreasi</li>
 	<li>Band by soulmate</li>
 	<li>MC Resepsi 2 orang</li>
 	<li>MC Akad 1 orang</li>
</ol>
<strong>Lain – Lain</strong>
<ol>
 	<li>20 Keranjang Hantaran + kotak emas by Bilbo, formysonhantaran</li>
 	<li>Henna by Ulie AG, Lala Zahenna, viartHenna</li>
 	<li>Lulur Tangas by Idha Homespa</li>
 	<li>Wedding book by makna</li>
 	<li>Wedding Planner + Organizer</li>
 	<li>Free 2 org penerima meja tamu</li>
</ol>
<strong>Updated for 2025 by RN</strong>",158850000,1000,25000000
Makna Wedding & Event Planner,Paket Lengkap,EXCELTON HOTEL PALEMBANG_500 pax,"<p style=""text-align: left;""><strong>Fasilitas 500 Pax</strong></p>

<ul>
 	<li>Event Venue at Grand Diamante</li>
 	<li>Standard Stage uk 8x3M</li>
 	<li>Complimentary Two Deluxe Room For One Night With Two Breakfast</li>
 	<li>Customized Decoration Table For VIP Or Family Table</li>
 	<li>Customized Standard Decoration Honeymoon at Room For Bride's</li>
 	<li>Premium Quality Sound System Maximum 10.000 watt</li>
 	<li>Free Use Projector And Giant Screen</li>
 	<li>Special Room Rate For Additional Room Or Wedding Guest Minimal Five Rooms</li>
 	<li>Complimentary Use Of The Excelton Hotel As Your Pre- Wedding Photoshoot Venue</li>
 	<li>Complimentary Vip Parking For Three Cars Complimentary Two Bottles Sparkling Juice</li>
 	<li>Complimentray For Two Confetti</li>
 	<li>Complimentary Use Vip Room (Tea Ceremony Or Waiting Room For Bride)</li>
 	<li>Complimentary Fruits Basket Ín Brides Room</li>
 	<li>Test Food For Six Persons</li>
 	<li>Complimentary Use Meeting Room For Technical Meeting</li>
</ul>
<strong>Pakaian Akad</strong>
<ul>
 	<li>Pakaian Pengantin Akad By IDM, PPM 2, Topan Sapta</li>
 	<li>Sunting, Melati Pengantin Akad (exc. Topan S)</li>
 	<li>2 bh Songket Ibu Akad</li>
 	<li>2 bh Pakaian Rumpak Tanjak Bapak Akad</li>
</ul>
<strong>Pakaian Resepsi</strong>
<ul>
 	<li>Pakaian Resepsi By IDM, PPM 2, Topan Sapta</li>
 	<li>Sunting, Melati Pengantin (exc. Topan S)</li>
 	<li>2 bh Songket Ibu</li>
 	<li>2 bh Pakaian Rumpak Tanjak Bapak Resepsi</li>
</ul>
<strong>MUA</strong>
<ul>
 	<li>MUA Pengantin Akad dan Resepsi By Shanty Nugraha / Indah Ashaa / Ciqarizka / Ciciknia / Makeupxvini</li>
 	<li>MUA Ibu Pengantin 2 Org Akad dan Resepsi By Team</li>
</ul>
<strong>Dokumentasi By Java, Luminore, Lenza, On Clay, Arsa          </strong>
<ul>
 	<li>Photographer &amp; Video Shooting Akad dan Resepsi</li>
</ul>
<p><strong>Hiburan</strong></p>

<ul>
 	<li>Tari Persembahan &amp; Tari Kreasi</li>
 	<li>Band + Singer</li>
 	<li>2 Org MC Resepsi</li>
 	<li>1 Org MC Akad</li>
</ul>
<p><strong>Dekorasi</strong></p>

<ul>
 	<li>Pelaminan Resepsi</li>
</ul>
<strong>Lain-Lain</strong>
<ul>
 	<li>20 item hantaran + 1 box cincin by Bilbo, formysonhantaran</li>
 	<li>Henna by lalazahenna, Ulie Ag, Viarthenna, niahennart</li>
 	<li>Lulur &amp; Tangas</li>
 	<li>Wedding Planner + Organizer 14 Crew (akad + resepsi)</li>
 	<li>Free 2 Orang Penerima Meja Tamu</li>
</ul>
*belum termasuk sarapan akad

<em><strong>Update for 2025 by Hr
</strong></em>",265950000,500,25000000
Makna Wedding & Event Planner,Paket Lengkap,HOTEL ARYADUTA PALEMBANG_800 Pax (PLATINUM),"<strong>FASILITAS</strong>
<ol>
 	<li>800 Guest (400 Invitations)</li>
 	<li>Standard wedding stage decoration</li>
 	<li>1 Honeymoon Suite Room for 2 nights stay</li>
 	<li>6 Deluxe Room for family member for one night stay</li>
 	<li>10 selection of wedding menu</li>
 	<li>VIP food stall for 100 people</li>
 	<li>Food tasting for 8 people</li>
 	<li>coffee break for 15 VIP guest at waiting room</li>
 	<li>coffee break for 15 VIP guest technical meeting</li>
 	<li>Special welcome drink for 100 VIP</li>
 	<li>In room breakfast service for wedding couple</li>
 	<li>2 bottles of sparkling fruit for toast / pouring ceremony</li>
 	<li>LED Screen</li>
 	<li>Ice carving</li>
 	<li>4 guest books</li>
 	<li>massage treatments for wedding couple at The Spa</li>
 	<li>Parking for 10 cars</li>
 	<li>Aryaduta's gift Yukata</li>
</ol>
<p class=""p1""><strong>Resepsi</strong></p>

<ol>
 	<li class=""p1"">Dekorasi dan Pelaminan Exclusive By PPM2/Hj Nila/Naraya</li>
 	<li class=""p1"">Pakaian Resepsi By IDM, PPM II, Topan Sapta</li>
 	<li class=""p1"">Melati Pengantin Resepsi + Sunting (Excl Topan)</li>
 	<li class=""p1"">2 bh Songket Ibu</li>
 	<li class=""p1"">2 bh Pakaian Rumpak Tanjak Bapak Resepsi</li>
 	<li class=""p1"">4 bh Rumpak Tanjak Bapak Keluarga</li>
</ol>
<p class=""p1""><strong>Akad</strong></p>

<ol>
 	<li class=""p1"">Pakaian Akad By IDM, PPM II, Topan Sapta</li>
 	<li class=""p1"">Melati Pengantin Akad + Sunting (Excl Topan)</li>
 	<li class=""p1"">2 bh Songket Ibu Akad</li>
 	<li class=""p1"">2 bh Pakaian Rumpak Tanjak Bapak Akad</li>
</ol>
<strong>Dokumentasi
</strong><strong>Photographer &amp; Video Shooting Akad dan Resepsi </strong><strong>By Clay(LEGACY)/Luxury/Lig Art/ Lenza/Ink</strong>
<ul>
 	<li>2 Fotografer &amp; 2 Videografer</li>
</ul>
<strong>Tata Rias By Miao Miao / Santi N / Ciqa R / Indah Asyha</strong>
<ul>
 	<li class=""p1"">Tata Rias Pengantin Akad Resepsi</li>
 	<li class=""p1"">Tata Rias Ibu Pengantin 2 Org Akad Resepsi</li>
</ul>
<p class=""p1""><strong>Hiburan</strong></p>

<ul>
 	<li class=""p1"">Sound System Akad + Resepsi</li>
 	<li class=""p1"">Full Band + Saxophone by Soulmate / Frazky/ Forte</li>
 	<li class=""p1"">Tari Pembuka dan Kreasi</li>
 	<li class=""p1"">MC Resespi 1 Pasang</li>
 	<li>MC Akad 1 orang</li>
</ul>
<p class=""p1""><strong>Lain Lain</strong></p>

<ul>
 	<li class=""p1"">Wedding Planner (Akad dan Resepsi)</li>
 	<li class=""p1"">20 Kotak Hantaran + Hias by Decor Story / Seadara / Bilbo</li>
 	<li>Henna by Nia Henna Art, Ulie AG, Lala Zahenna</li>
 	<li>Lulur Tangas</li>
</ul>
<i>Updated for 2026 by Fr</i>",448000000,800,25000000
Makna Wedding & Event Planner,Paket Lengkap,SWARNA DWIPA HOTEL_800 pax,"<strong>Fasilitas</strong>
<ul>
 	<li>Penggunaan Ballroom</li>
 	<li>Soundsystem</li>
 	<li>Kursi 800</li>
 	<li>Ruangan vip</li>
 	<li>Tenda 6 unit</li>
 	<li>Small Band</li>
</ul>
<p><strong>Catering by hj nila, diraniga</strong></p>

<ul>
 	<li>800 pax </li>
 	<li>Lauk ayam ikan daging</li>
</ul>
<strong>DOKUMENTASI By Java Photo / Luminore / Lenza / Arsa</strong>
<ul>
 	<li>Photographer &amp; Video Shooting Akad dan Resepsi</li>
</ul>
<strong>Resepsi</strong>
<ul>
 	<li>Dekorasi Pelaminan Resepsi by Simplyline Decoration</li>
 	<li>Pakaian Pengantin Resepsi By IDM, Topan Sapta, Putri Pinang Masak 2</li>
 	<li>Melati Pengantin + Sunting Resepsi (exc. Topan S)</li>
 	<li>2 bh Songket Ibu</li>
 	<li>2 bh Pakaian Rumpak Tanjak Bapak Resepsi</li>
 	<li>MC Resepsi 2 orang</li>
</ul>
<strong>Akad</strong>
<ul>
 	<li>Pakaian Pengantin Akad By IDM, Topan Sapta, Putri Pinang Masak 2</li>
 	<li>Melati Pengantin + Sunting Resepsi (exc. Topan S)</li>
 	<li>2 bh Songket Ibu</li>
 	<li>2 bh Pakaian Rumpak Tanjak Bapak Resepsi</li>
 	<li>Proses Adat (Kandang Adat + Cacap Suap)</li>
 	<li>MC Akad Nikah</li>
</ul>
<strong>Tata Rias</strong>
<ul>
 	<li>Tata Rias Pengantin Resepsi  By Miao Miao, Ciqa Rizka, Indah Asyaa</li>
 	<li>Tata Rias Ibu Pengantin 2 Org Akad dan Resepsi  By Team MUA</li>
</ul>
<strong>Hiburan</strong>
<ul>
 	<li>Tari Persembahan &amp; Tari Kreasi</li>
</ul>
<strong>Lain - Lain</strong>
<ul>
 	<li>Henna by Nia Henna Art, Ulie AG, Lala Zahenna</li>
 	<li>20 Kotak Hantaran by Decor Story, Seadara, Bilbo</li>
 	<li>Lulur Tangas</li>
 	<li>Wedding Planner Akad dan Resepsi By Makna Wedding</li>
 	<li>Wedding Book</li>
</ul>
*belum termasuk sarapan akad

<strong>Updated for 2025</strong>",166500000,800,25000000
Makna Wedding & Event Planner,Paket Lengkap,INTIMATE WEDDING_AMARIS HOTEL_300 PAX,"<strong>PROMO KHUSUS DP PERIODE 25-27 JULI 2025:</strong>
<ol>
 	<li>Potongan 5jt khusus All Package by Makna Wedding atau Logam Mulia 2gr</li>
 	<li>Free Sarapan Akad 50 Pax</li>
 	<li>Free 2 Kamar Hotel 1 Malam</li>
 	<li>Free Wedding Hand Bouquet</li>
 	<li>Free 2 Orang Penerima Tamu</li>
 	<li>Free Wedding Book for Bride</li>
 	<li>Free Live Report Instagram @Makna.Wedding</li>
</ol>
<b>FASILITAS</b>
<ul>
 	<li>Buffet Package for 300 Pax</li>
 	<li>6 Hours Ballroom Usage</li>
 	<li>Standard Wedding Decoration</li>
 	<li>Standard Sound System</li>
 	<li>LCD Screen &amp; Projector </li>
 	<li>1 Superior Room for 1 Night Stay</li>
 	<li>Fruit Basket in Room</li>
 	<li>Guest Book</li>
 	<li>Food Testing for 6 Pax</li>
 	<li>Technical Meeting</li>
 	<li>Reception Table</li>
 	<li>VIP Parking 4 Car</li>
</ul>
<b>DOKUMENTASI</b>

Photographer dan Video Shooting Akad dan Resepsi by:
<ul>
 	<li>Lenza (1 Hari)</li>
 	<li>Arsa</li>
 	<li>Ink</li>
 	<li>Kita Rindu</li>
</ul>
<b>ATTIRE AKAD</b>
<ul>
 	<li>Pakaian Pengantin Akad RickyIDM / PPM2 / Topan Sapta / Omah Manten (Jawa)</li>
 	<li>Sunting dan Melati Pengantin Akad  (Exc. Topan S)</li>
 	<li>2 bh Songket dan Selendang Ibu Akad </li>
 	<li>2 bh Beskap Rumpak Tanjak Bapak Akad </li>
</ul>
<b>ATTIRE RESEPSI</b>
<ul>
 	<li>Pakaian Pengantin Resepsi RickyIDM / PPM2 / Topan Sapta / Omah Manten (Jawa)</li>
 	<li>Sunting dan Melati Pengantin Resepsi  (Exc. Topan S)</li>
 	<li>2 bh Songket dan Selendang Ibu Resepsi </li>
 	<li>2 bh Beskap Rumpak Tanjak Bapak Resepsi</li>
</ul>
<b>Tata Rias</b> 
<ul>
 	<li>Tata Rias Pengantin Akad dan Retouch Resepsi (Ciqa Rizka/ Makeupxvini/ Emmacipid/ Yuki Pratiwi/ Miao Miao / Indah Asya) </li>
 	<li>Tata Rias Ibu Pengantin 2 Orang</li>
 	<li>Hijab Do Ibu Pengantin 2 Orang</li>
</ul>
<b>Lain - Lain </b> 
<ul>
 	<li>1 Org MC Akad </li>
 	<li>1 Org MC Resepsi</li>
 	<li>20 Keranjang Hantaran  by Bilbo/ Formyshon</li>
 	<li>Henna by Lala Zahenna/ Ulie Ag</li>
 	<li>Lulur Tangas by Idha Home Spa</li>
 	<li>Wedding Planner + Organizer akad dan resepsi</li>
</ul>

<strong><em>Updated 22/7/2025 by Fr</em></strong>",121500000,300,25000000
Makna Wedding & Event Planner,Paket Lengkap,AL AZHAR CONVENTION CENTER_800 pax,"<strong>Fasilitas Gedung</strong>
<ol>
 	<li>Panggung Uk. 12x5 m</li>
 	<li>Sound System 10.000 Watt</li>
 	<li>Lighting System</li>
 	<li>Ac 50 pk</li>
 	<li>Genset 150 KVA</li>
 	<li>Kursi Futura 700 unit</li>
 	<li>Ruang Vip Dgn 10 Round Table Dan 100 Kursi + Cover Kursi</li>
 	<li>Pemakaian Gedung Dari Pagi Hingga Siang Hari Dihari H</li>
 	<li>12 Set Sofa Vip + Meja Kaca</li>
 	<li>Screen &amp; Projector</li>
 	<li>Keamanan &amp; Kebersihan Gedung</li>
 	<li>Parkir Area Untuk 70 Mobil Di Halaman Gedung</li>
 	<li>Ruang Tunggu Pengantin</li>
 	<li>Ruang Ganti Pakaian Pengisi Acara</li>
 	<li>Pelaminan Resepsi By Eviar, Success</li>
 	<li>Pelaminan Akad</li>
 	<li>Keyboard + Singer</li>
 	<li>MC 2 Org</li>
</ol>
<strong>Catering</strong>
<ol>
 	<li>Catering 800 Pax By Diraniga (Ayam, Ikan, Daging)</li>
</ol>
<strong>Hiburan</strong>
<ol>
 	<li>Tari Persembahan &amp; Tari Kreasi</li>
</ol>
<strong>Pakaian Resepsi</strong>
<ol>
 	<li>Pakaian Resepsi + Melati By IDM, Ellegance, Topan Sapta, Pinang Masak 2</li>
 	<li>Sunting Pengantin (excl. Topan Sapta)</li>
 	<li>2 bh Songket Ibu</li>
 	<li>2 bh Pakaian Rumpak Tanjak Bapak Resepsi</li>
</ol>
<strong>Pakaian Akad</strong>
<ol>
 	<li>Pakaian Akad, Sunting, Melati By Melati IDM, Ellegance, Topan Sapta, Pinang Masak 2</li>
 	<li>Sunting Pengantin (excl. Topan Sapta)</li>
 	<li>2 bh Songket Ibu Akad</li>
 	<li>2 bh Pakaian Rumpak Tanjak Bapak Akad</li>
</ol>
<strong>Dokumentasi By Java, Luminore</strong>
<ol>
 	<li>Photographer &amp; Video Shooting Akad dan Resepsi</li>
 	<li>2 Fotografer &amp; 1 Videografer</li>
 	<li>Liputan Foto Video Akad &amp; Resepsi Max 2 hari</li>
 	<li>1 Album Kolase Uk. 20×30 15 Sheet Box Standart</li>
 	<li>DVD All Files Wedding</li>
</ol>
<strong>Tata Rias Akad dan Resepsi</strong>
<ol>
 	<li>Tata Rias Pengantin Bu Miao, Ciqa Rizka, Vini</li>
 	<li>Tata Rias Ibu Pengantin 4 Org</li>
</ol>
<strong>Lain - Lain</strong>
<ol>
 	<li>4 Buah Buku Tamu</li>
 	<li>2 Kamar Hotel 1 Malam</li>
 	<li>Wo Akad dan Resepsi By Makna Wedding</li>
 	<li>Buku Wedding Planner</li>
</ol>
<em><strong>Update by Gita 07 Sept 2022</strong></em>",134000000,800,25000000
Makna Wedding & Event Planner,Paket Lengkap,AL AZHAR CONVENTION CENTER_500 pax,"<strong>Fasilitas Gedung</strong>
<ol>
 	<li>Panggung Uk. 12x5 m</li>
 	<li>Sound System 10.000 Watt</li>
 	<li>Lighting System</li>
 	<li>Ac 50 pk</li>
 	<li>Genset 150 KVA</li>
 	<li>Kursi Futura 700 unit</li>
 	<li>Ruang Vip Dgn 10 Round Table Dan 100 Kursi + Cover Kursi</li>
 	<li>Pemakaian Gedung Dari Pagi Hingga Siang Hari Dihari H</li>
 	<li>12 Set Sofa Vip + Meja Kaca</li>
 	<li>Screen &amp; Projector</li>
 	<li>Keamanan &amp; Kebersihan Gedung</li>
 	<li>Parkir Area Untuk 70 Mobil Di Halaman Gedung</li>
 	<li>Ruang Tunggu Pengantin</li>
 	<li>Ruang Ganti Pakaian Pengisi Acara</li>
 	<li>Pelaminan Resepsi By Eviar, Success</li>
 	<li>Pelaminan Akad</li>
 	<li>Keyboard + Singer</li>
 	<li>MC 2 Org</li>
</ol>
<strong>Catering</strong>
<ol>
 	<li>Catering 500 Pax By Diraniga (Ayam, Ikan, Daging)</li>
</ol>
<strong>Hiburan</strong>
<ol>
 	<li>Tari Persembahan &amp; Tari Kreasi</li>
</ol>
<strong>Pakaian Resepsi</strong>
<ol>
 	<li>Pakaian Resepsi + Melati By IDM, Topan Sapta, Pinang Masak 2</li>
 	<li>Sunting Pengantin (excl. Topan Sapta)</li>
 	<li>2 bh Songket Ibu</li>
 	<li>2 bh Pakaian Rumpak Tanjak Bapak Resepsi</li>
</ol>
<strong>Pakaian Akad</strong>
<ol>
 	<li>Pakaian Akad, Sunting, Melati By Melati IDM, Topan Sapta, Pinang Masak 2</li>
 	<li>Sunting Pengantin (excl. Topan Sapta)</li>
 	<li>2 bh Songket Ibu Akad</li>
 	<li>2 bh Pakaian Rumpak Tanjak Bapak Akad</li>
</ol>
<strong>Dokumentasi By Java, Luminore</strong>
<ol>
 	<li>Photographer &amp; Video Shooting Akad dan Resepsi</li>
 	<li>2 Fotografer &amp; 1 Videografer</li>
 	<li>Liputan Foto Video Akad &amp; Resepsi Max 2 hari</li>
 	<li>1 Album Kolase Uk. 20×30 15 Sheet Box Standart</li>
 	<li>DVD All Files Wedding</li>
</ol>
<strong>Tata Rias Akad dan Resepsi</strong>
<ol>
 	<li>Tata Rias Pengantin Bu Miao, Ciqa Rizka, Vini</li>
 	<li>Tata Rias Ibu Pengantin 4 Org</li>
</ol>
<strong>Lain - Lain</strong>
<ol>
 	<li>4 Buah Buku Tamu</li>
 	<li>2 Kamar Hotel 1 Malam</li>
 	<li>Wo Akad dan Resepsi By Makna Wedding</li>
 	<li>Buku Wedding Planner</li>
</ol>
<em><strong>Update by Gita 07 Sept 2022</strong></em>",135500000,500,25000000
Makna Wedding & Event Planner,Paket Lengkap,ASRAMA HAJI_800 pax,"<strong>Gedung Asrama Haji</strong>

<strong>Pakaian Resepsi By IDM, Ellegance        </strong>
<ol>
 	<li>Pelaminan Resepsi, Karpet Jalan, Gazebo, Stand Flower dan Mini Garden</li>
 	<li>Pakaian Resepsi, Melati, Sunting</li>
 	<li>2 bh Songket Ibu</li>
 	<li>2 bh Pakaian Rumpak Tanjak Bapak Resepsi</li>
</ol>
<strong>Pakaian Akad By IDM, Ellegance </strong>
<ol>
 	<li>Pelaminan Akad</li>
 	<li>Kasur dan Meja Akad Nikah</li>
 	<li>Pakaian Akad, Melati, Sunting</li>
 	<li>2 bh Songket Ibu Akad</li>
 	<li>2 bh Pakaian Rumpak Tanjak Bapak Akad</li>
</ol>
<strong>DOKUMENTASI
</strong><strong>Photographer &amp; Video Shooting Akad dan Resepsi </strong><strong>By Java Photo / Luminore
</strong><strong>Prewedding</strong>
<ul>
 	<li>1 Lokasi Java Studio / 1 Titik Lokasi Luminore</li>
 	<li>2 Konsep</li>
 	<li>2 Buah Cetak 60 x 40 + Frame Minimalis</li>
 	<li>20 Edit Foto</li>
 	<li>All Files Via Online Drive</li>
</ul>
<strong>Wedding</strong>
<ul>
 	<li>2 Fotografer &amp; 1 Videografer</li>
 	<li>Liputan Foto Video Akad &amp; Resepsi (Max. 2 Hari)</li>
 	<li>Wedding Clip 1 Menit</li>
 	<li>1 Album Kolase 20x30 15 Sheet + Box Standart</li>
 	<li>All Files Via Online Drive</li>
</ul>
<strong>Photographer &amp; Video Shooting Akad dan Resepsi </strong><strong>By Lenza Photo</strong>
<ul>
 	<li>2 Fotografer &amp; 1 Videografer</li>
 	<li>Liputan Foto Video Akad &amp; Resepsi (Max. 1 hari)</li>
 	<li>1 Album Kolase Uk. 20×30 15 Sheet Box Standart</li>
 	<li>DVD All Files Wedding</li>
</ul>
<strong>Tata Rias By Miao Miao </strong>
<ol>
 	<li>Tata Rias Pengantin</li>
 	<li>Tata Rias Ibu Pengantin 2 Org</li>
</ol>
<strong>Catering By Diraniga, Success    </strong>
<ol>
 	<li>800 Pax Menu A</li>
</ol>
<strong>Lain - Lain         </strong>
<ol>
 	<li>Wedding Planner (Akad dan Resepsi)</li>
 	<li>Free 2 Kamar Hotel 1 Malam</li>
 	<li>Tari Persembahan &amp; Tari Kreasi</li>
 	<li>20 Keranjang Hantaran + Hias</li>
 	<li>Henna, Lulur dan Tangas By Ibu Ida</li>
 	<li>Proyektor dan Layar</li>
 	<li>Standar Sound System</li>
 	<li>Free 2 Orang Penerima Meja Tamu</li>
</ol>",118000000,800,25000000
Makna Wedding & Event Planner,Paket Lengkap,ASRAMA HAJI_500 pax,"<p style=""text-align: left;""><strong>Gedung Asrama Haji</strong></p>
<strong>Pakaian Resepsi By IDM, Ellegance        </strong>
<ol>
 	<li>Pelaminan Resepsi, Karpet Jalan, Gazebo, Stand Flower dan Mini Garden</li>
 	<li>Pakaian Resepsi, Melati, Sunting</li>
 	<li>2 bh Songket Ibu</li>
 	<li>2 bh Pakaian Rumpak Tanjak Bapak Resepsi</li>
</ol>
<strong>Pakaian Akad By IDM, Ellegance </strong>
<ol>
 	<li>Pelaminan Akad</li>
 	<li>Kasur dan Meja Akad Nikah</li>
 	<li>Pakaian Akad, Melati, Sunting</li>
 	<li>2 bh Songket Ibu Akad</li>
 	<li>2 bh Pakaian Rumpak Tanjak Bapak Akad</li>
</ol>
<strong>DOKUMENTASI
</strong><strong>Photographer &amp; Video Shooting Akad dan Resepsi </strong><strong>By Java Photo / Luminore
</strong><strong>Prewedding</strong>
<ul>
 	<li>1 Lokasi Java Studio / 1 Titik Lokasi Luminore</li>
 	<li>2 Konsep</li>
 	<li>2 Buah Cetak 60 x 40 + Frame Minimalis</li>
 	<li>20 Edit Foto</li>
 	<li>All Files Via Online Drive</li>
</ul>
<strong>Wedding</strong>
<ul>
 	<li>2 Fotografer &amp; 1 Videografer</li>
 	<li>Liputan Foto Video Akad &amp; Resepsi (Max. 2 Hari)</li>
 	<li>Wedding Clip 1 Menit</li>
 	<li>1 Album Kolase 20x30 15 Sheet + Box Standart</li>
 	<li>All Files Via Online Drive</li>
</ul>
<strong>Photographer &amp; Video Shooting Akad dan Resepsi </strong><strong>By Lenza Photo</strong>
<ul>
 	<li>2 Fotografer &amp; 1 Videografer</li>
 	<li>Liputan Foto Video Akad &amp; Resepsi (Max. 1 hari)</li>
 	<li>1 Album Kolase Uk. 20×30 15 Sheet Box Standart</li>
 	<li>DVD All Files Wedding</li>
</ul>
<strong>Tata Rias By Miao Miao </strong>
<ol>
 	<li>Tata Rias Pengantin</li>
 	<li>Tata Rias Ibu Pengantin 2 Org</li>
</ol>
<strong>Catering By Diraniga, Success    </strong>
<ol>
 	<li>500 Pax Menu A</li>
</ol>
<strong>Lain - Lain         </strong>
<ol>
 	<li>Wedding Planner (Akad dan Resepsi)</li>
 	<li>Free 2 Kamar Hotel 1 Malam</li>
 	<li>Tari Persembahan &amp; Tari Kreasi</li>
 	<li>20 Keranjang Hantaran + Hias</li>
 	<li>Henna, Lulur dan Tangas By Ibu Ida</li>
 	<li>Proyektor dan Layar</li>
 	<li>Standar Sound System</li>
 	<li>Free 2 Orang Penerima Meja Tamu</li>
</ol>",119900000,500,25000000
Makna Wedding & Event Planner,Paket Lengkap,GRAND ATYASA CONVENTION_800 pax,"<strong>Fasilitas</strong>
<ol>
 	<li>Ruang ballroom (5jam)</li>
 	<li>1 ruang make up/ruang tunggu</li>
 	<li>Gratis pemakaian listrik sampai dengan 10.000 watt</li>
 	<li>Menu buffet untuk 800 pax
- Ayam
- Ikan
- Daging</li>
 	<li>Free 2 meja penerima tamu, 4 buku tamu, dan 2 kotak angpao</li>
 	<li>Petugas Kebersihan</li>
 	<li>Food tasting buffet menu untuk 10 pax</li>
 	<li>1 unit LCD projector + screen</li>
</ol>
<strong>Dekorasi</strong>
<ol>
 	<li>Dekorasi Pelaminan Resepsi Standar</li>
 	<li>Gazebo</li>
 	<li>Standing Flower</li>
 	<li>Mini Garden</li>
 	<li>Karpet Jalan</li>
</ol>
<strong>Hiburan</strong>
<ol>
 	<li>1 Org MC Akad</li>
 	<li>2 Org MC Resepsi</li>
 	<li>Tari Persembahan &amp; Tari Kreasi</li>
 	<li>Full Band by Soulmate</li>
</ol>
<strong>Pakaian Akad</strong>
<ol>
 	<li>Pakaian Akad By IDM / Topan Sapta / PPM II</li>
 	<li>Sunting dan Melati Pengantin Akad (exc. Topan S)</li>
 	<li>2 bh Songket Ibu Akad</li>
 	<li>2 bh Pakaian Rumpak Tanjak Bapak Akad</li>
</ol>
<strong>Pakaian Resepsi</strong>
<ol>
 	<li>Pakaian Resepsi By IDM / Topan Sapta / PPM II</li>
 	<li>Sunting dan Melati Pengantin Resepsi (exc. Topan S)</li>
 	<li>2 bh Songket Ibu Resepsi</li>
 	<li>2 bh Pakaian Rumpak Tanjak Bapak Resepsi</li>
</ol>
<strong>Dokumentasi By Java, Luminore, Lenza (1 Hari)</strong>
<ol>
 	<li>Photographer &amp; Video Shooting Akad dan Resepsi</li>
 	<li>2 Fotografer &amp; 1 Videografer</li>
 	<li>Liputan Foto Video Akad &amp; Resepsi Max 2 hari</li>
 	<li>1 Album Kolase Uk. 20 × 30 15 Sheet Box Standart</li>
 	<li>Drive Files Wedding</li>
</ol>
<strong>MUA</strong>
<ol>
 	<li>Tata Rias Pengantin By Indah Ashaa / Ciqarizka / Makeupxvini / Yuki Pratiwi</li>
 	<li>Tata Rias Ibu Pengantin 2 Org</li>
</ol>
<strong>Lain – Lain</strong>
<ol>
 	<li>Free 2 Kamar Hotel 1 Malam</li>
 	<li>20 item hantaran + 1 box cincin by Bilbo, formysonhantaran</li>
 	<li>Henna by lalazahenna, Ulie Ag, Viarthenna, niahennart</li>
 	<li>Lulur &amp; Tangas</li>
 	<li>Wedding Planner + Organizer (akad + resepsi)</li>
 	<li>Free 2 Orang Penerima Meja Tamu</li>
</ol>
UPDATE 2025 - FR",185750000,800,25000000
Makna Wedding & Event Planner,Paket Lengkap,GRAND ATYASA CONVENTION_700 pax,"<strong>Fasilitas</strong>
<ol>
 	<li>Ruang ballroom (5jam)</li>
 	<li>1 ruang make up/ruang tunggu</li>
 	<li>Gratis pemakaian listrik sampai dengan 10.000 watt</li>
 	<li>Menu buffet untuk 700 pax
- Ayam
- Ikan
- Daging</li>
 	<li>Free 2 meja penerima tamu, 4 buku tamu, dan 2 kotak angpao</li>
 	<li>Petugas Kebersihan</li>
 	<li>Food tasting buffet menu untuk 10 pax</li>
 	<li>1 unit LCD projector + screen</li>
</ol>
<strong>Dekorasi</strong>
<ol>
 	<li>Dekorasi Pelaminan Resepsi Standar</li>
 	<li>Gazebo</li>
 	<li>Standing Flower</li>
 	<li>Mini Garden</li>
 	<li>Karpet Jalan</li>
</ol>
<strong>Hiburan</strong>
<ol>
 	<li>MC Resepsi 2 Org</li>
 	<li>MC Akad 1 Org</li>
 	<li>Tari Persembahan &amp; Tari Kreasi</li>
 	<li>Full Band by Soulmate, Frazky</li>
</ol>
<strong>Pakaian Akad</strong>
<ol>
 	<li>Pakaian Akad By IDM / Topan Sapta / PPM II</li>
 	<li>Sunting dan Melati Pengantin Akad (exc. Topan S)</li>
 	<li>2 bh Songket Ibu Akad</li>
 	<li>2 bh Pakaian Rumpak Tanjak Bapak Akad</li>
</ol>
<strong>Pakaian Resepsi</strong>
<ol>
 	<li>Pakaian Resepsi By IDM / Topan Sapta / PPM II</li>
 	<li>Sunting dan Melati Pengantin Resepsi (exc. Topan S)</li>
 	<li>2 bh Songket Ibu Resepsi</li>
 	<li>2 bh Pakaian Rumpak Tanjak Bapak Resepsi</li>
</ol>
<strong>Dokumentasi By Java, Luminore, Lenza (1 Hari)</strong>
<ol>
 	<li>Photographer &amp; Video Shooting Akad dan Resepsi</li>
 	<li>2 Fotografer &amp; 1 Videografer</li>
 	<li>Liputan Foto Video Akad &amp; Resepsi Max 2 hari</li>
 	<li>1 Album Kolase Uk. 20 × 30 15 Sheet Box Standart</li>
 	<li>Drive Files Wedding</li>
</ol>
<strong>MUA</strong>
<ol>
 	<li>Tata Rias Pengantin By Shanty Nugraha / Indah Ashaa / Ciqarizka / Ciciknia</li>
 	<li>Tata Rias Ibu Pengantin 2 Org Akad dan Resepsi By Asst. MUA</li>
</ol>
<strong>Lain – Lain</strong>
<ol>
 	<li>Free 2 Kamar Hotel 1 Malam</li>
 	<li>20 item hantaran + 1 box cincin by Bilbo, formysonhantaran</li>
 	<li>Henna by lalazahenna, Ulie Ag, Viarthenna, niahennart</li>
 	<li>Lulur &amp; Tangas</li>
 	<li>Wedding Planner + Organizer 14 Crew (akad + resepsi)</li>
 	<li>Free 2 Orang Penerima Meja Tamu</li>
</ol>
UPDATE 2025 - FD",177600000,700,25000000
Makna Wedding & Event Planner,Paket Lengkap,BIMA SAKTI_800 pax,"<strong>Fasilitas Bima Sakti Convention Center</strong>
<ol>
 	<li>Gedung Full Ac</li>
 	<li>Sofa Tamu Vip</li>
 	<li>Kursi Stainless (1000 Bh)</li>
 	<li>Sound System + Lighting Proffesional</li>
 	<li>Solo Keyboard +Singer</li>
 	<li>Meja Vip Bulat (10 Bh)</li>
 	<li>Pelaminan Dekorasi. Gazebo, Stand Flower, Mini Garden</li>
 	<li>Dekorasi Foyer</li>
 	<li>Kotak Angpao (2 Bh)</li>
 	<li>Genset</li>
 	<li>Meja Registrasi (2 Bh)</li>
 	<li>Parkir + 700 Mobil</li>
 	<li>Keamanan Dan Kebersihan</li>
</ol>
<strong>Catering By Hj Nila
</strong>Catering Menu B 800 Porsi (Ayam, Daging)

<strong>Akad</strong>
<ol>
 	<li>Dekorasi Pelaminan Standart Akad Nikah By Success Decoration</li>
 	<li>Kasur &amp; Meja Akad Nikah (Lesehan)</li>
 	<li>Hias Kamar Pengantin By Success Decoration</li>
 	<li>Busana Pengantin Akad By IDM, Topan Sapta, PPM 2</li>
 	<li>Melati + Sunting Pengantin Akad ( Excl. Topan )</li>
 	<li>2 Stel Songket Lbu Akad</li>
 	<li>2 Stel Beskap &amp; Rumpak Tanjak Bapak</li>
 	<li>Henna, Lulur &amp; Tangas</li>
 	<li>20 Buah Keranjang Hantaran Free Dekor</li>
 	<li>1 Buah Tempat Mas Kawin</li>
</ol>
<strong>Resepsi</strong>
<ol>
 	<li>Busana Pengantin Resepsi By IDM, Topan Sapta, PPM 2</li>
 	<li>Melati + Sunting Pengantin Resepsi ( Excl. Topan )</li>
 	<li>2 Stel Songket Ibu</li>
 	<li>2 Stel Beskap &amp; Rumpak Tanjak Bapak</li>
 	<li>Tari Persembahan</li>
 	<li>Tari Kreasi</li>
</ol>
<strong>Tata Rias By Ciqa Rizka, Vini, Indah Asyaa, Miao, Shanty N ( 1 Hari )</strong>
<ol>
 	<li>Tata Rias Pengantin Akad Dan Resepsi</li>
 	<li>2 Orang Tata Rias Ibu Akad Dan Resepsi</li>
</ol>
<strong>Dokumentasi</strong>

<strong>Photographer &amp; Video Shooting Akad Dan Resepsi By Java Photo / Luminore</strong>
<ol>
 	<li>2 Fotografer &amp; 1 Videografer</li>
 	<li>Liputan Foto Video Akad &amp; Resepsi (Max. 2 Hari)</li>
 	<li>Wedding Clip 1 Menit</li>
 	<li>1 Album Kolase 20x30 15 Sheet + Box Standart</li>
 	<li>All Files Via Online Drive</li>
</ol>
<strong>Photographer &amp; Video Shooting Akad Dan Resepsi By Lenza Photo</strong>
<ol>
 	<li>2 Fotografer &amp; 1 Videografer</li>
 	<li>Liputan Foto Video Akad &amp; Resepsi (Max. 1 Hari)</li>
 	<li>1 Album Kolase Uk. 20×30 15 Sheet Box Standard</li>
 	<li>All Files Via Online Drive</li>
</ol>
<strong>Lain - Lain</strong>
<ol>
 	<li>Wo Akad &amp; Resepsi</li>
 	<li>2 Orang Pembawa Acara/ Mc</li>
 	<li>4 Buah Buku Tamu</li>
</ol>
<strong><em>Update By Fr for 2025</em></strong>",159000000,800,25000000
Makna Wedding & Event Planner,Paket Lengkap,BIMA SAKTI_500 pax,"<strong>Fasilitas Bima Sakti Convention Center</strong>
<ol>
 	<li>Gedung Full AC</li>
 	<li>Sofa Tamu VIP</li>
 	<li>Kursi Stainless (1000 Bh)</li>
 	<li>Sound System + Lighting Profesional</li>
 	<li>Solo Keyboard + Singer</li>
 	<li>Meja Vip Bulat (10 Bh)</li>
 	<li>Pelaminan Dekorasi. Gazebo, Stand Flower, Mini Garden</li>
 	<li>Dekorasi Foyer</li>
 	<li>Kotak Angpao (2 Bh)</li>
 	<li>Genset</li>
 	<li>Meja Registrasi (2 Bh)</li>
 	<li>Parkir + 700 Mobil</li>
 	<li>Keamanan Dan Kebersihan</li>
</ol>
<strong>Catering By Diraniga</strong>
<ol>
 	<li>Catering Menu B 500 Porsi (Ayam, Daging)</li>
</ol>
<strong>Akad</strong>
<ol>
 	<li>Dekorasi Pelaminan Standart Akad Nikah By Success Decoration</li>
 	<li>Kasur &amp; Meja Akad Nikah (Lesehan)</li>
 	<li>Hias Kamar Pengantin By Success Decoration</li>
 	<li>Busana Pengantin Akad By IDM, Topan Sapta, PPM 2</li>
 	<li>Melati + Sunting Pengantin Akad ( Excl. Topan )</li>
 	<li>2 Stel Songket Ibu Akad</li>
 	<li>2 Stel Beskap &amp; Rumpak Tanjak Bapak</li>
 	<li>Henna By Ulie AG, Lala Zahenna, Nia Henna Art</li>
 	<li>Lulur &amp; Tangas</li>
 	<li>20 Buah Keranjang Hantaran Free Dekor</li>
 	<li>1 Buah Tempat Mas Kawin</li>
</ol>
<strong>Resepsi</strong>
<ol>
 	<li>Busana Pengantin Resepsi By IDM, Topan Sapta, PPM 2</li>
 	<li>Melati + Sunting Pengantin Resepsi ( Excl. Topan )</li>
 	<li>2 Stel Songket Ibu</li>
 	<li>2 Stel Beskap &amp; Rumpak Tanjak Bapak</li>
</ol>
<strong>Hiburan</strong>
<ol>
 	<li>Tari Persembahan</li>
 	<li>Tari Kreasi</li>
 	<li>2 Orang Pembawa Acara/ MC</li>
</ol>
<strong>Tata Rias By Ciqa Rizka, Vini, Indah Asyaa, Miao, Shanty N ( 1 Hari )</strong>
<ol>
 	<li>Tata Rias Pengantin Akad Dan Resepsi</li>
 	<li>2 Orang Tata Rias Ibu Akad Dan Resepsi</li>
</ol>
<strong>Dokumentasi</strong>

<strong>Photographer &amp; Video Shooting Akad Dan Resepsi By Java Photo / Luminore / Lenza / Kitarinduphoto</strong>
<ol>
 	<li>Photographer dan videographer akad &amp; resepsi</li>
</ol>
<strong>Lain - Lain</strong>
<ol>
 	<li>Wo Akad &amp; Resepsi</li>
 	<li>2 Buah Buku Tamu</li>
</ol>
<strong><em>Updated 2025 by fr</em></strong>",148000000,500,25000000
Makna Wedding & Event Planner,Paket Lengkap,CHARITAS CONVENTION_800 pax,"<div id=""tab-description"" role=""tabpanel"" aria-labelledby=""tab-title-description"">

<strong>Fasilitas Charitas Convention Center</strong>
<ol>
 	<li>Pemakian Ruang Max 6 Jam</li>
 	<li>Pemakaian Ruang Kapasitas 1200 Kursi</li>
 	<li>Kursi Tamu 1000 (Pakai Sarung)</li>
 	<li>Panggung Permanen + Podium</li>
 	<li>Sofa Minimalis 16 buah + Meja</li>
 	<li>Gratis Parkir Kapasitas 300 Mobil</li>
 	<li>Ruang Transit Pengganti</li>
 	<li>2 Ruang Make Up</li>
 	<li>Toilet 4 buah Wanita &amp; Pria</li>
 	<li>Pemakaian AC</li>
 	<li>Pemakaian Listrik + Genset</li>
 	<li>Meja Pondokan 6 buah</li>
 	<li>Proyektor + Screen</li>
 	<li>Soundsystem</li>
 	<li>Dekorasi:</li>
</ol>
<ul>
 	<li>Pelaminan Resepsi</li>
 	<li>Mini Garden</li>
 	<li>Gazebo</li>
 	<li>Standing Flowers</li>
 	<li>Photobooth</li>
 	<li>Red Carpet</li>
 	<li>Profesional Lighting</li>
 	<li>Meja Registrasi 4 buah</li>
 	<li>2 bh kotak angpao</li>
</ul>
<strong>Catering By Diraniga Catering</strong>
<ol>
 	<li>800 Pax (ayam, daging)</li>
</ol>
<strong>Akad By IDM, Topan Sapta, PPM2</strong>
<ol>
 	<li>Pakaian Akad</li>
 	<li>Sunting dan Melati Pengantin Akad (Exc. Topan S)</li>
 	<li>2 pcs Songket Ibu Akad</li>
 	<li>2 pcs Pakaian Rumpak Tanjak Bapak Akad</li>
</ol>
<strong>Resepsi By IDM, Topan Sapta, PPM2</strong>
<ol>
 	<li>Pakaian Resepsi</li>
 	<li>Sunting dan Melati Pengantin Resepsi (Exc. Topan S)</li>
 	<li>2 pcs Songket Ibu Resepsi</li>
 	<li>2 pcs Pakaian Rumpak Tanjak Bapak Resepsi</li>
</ol>
<strong>Dokumentasi By Lenza Photo, ink, Arsa ( 1 hari )</strong>
<ol>
 	<li>Photographer &amp; Video Shooting Akad dan Resepsi</li>
 	<li>Liputan Foto Video Akad &amp; Resepsi</li>
 	<li>1 Album Kolase &amp; Box Standart</li>
 	<li>All Files Online Drive</li>
</ol>
<strong>Tata Rias </strong><strong>
</strong>
<ol>
 	<li>Tata Rias Pengantin Akad dan Resepsi By Indah ashaa, vini, ciqa, dina, shanty n, yukipratiwi (1 hari)</li>
 	<li>Tata Rias Ibu Pengantin 2 Org Akad dan Resepsi By Mom MUA Team</li>
</ol>
<strong>Hiburan</strong>
<ol>
 	<li>Tarian Persembahan dan Tari Kreasi</li>
 	<li>Band by soulmate</li>
 	<li>MC Resepsi 2 orang</li>
 	<li>MC Akad 1 orang</li>
</ol>
<strong>Lain – Lain</strong>
<ol>
 	<li>20 Keranjang Hantaran + kotak emas by Bilbo, formysonhantaran</li>
 	<li>Henna by Ulie AG, Lala Zahenna, viartHenna</li>
 	<li>Lulur Tangas by Idha Homespa</li>
 	<li>Wedding book by makna</li>
 	<li>Wedding Planner + Organizer</li>
 	<li>Free 2 org penerima meja tamu</li>
</ol>
<strong>Updated for 2025 by Hr</strong>

</div>",143500000,800,25000000
Makna Wedding & Event Planner,Paket Lengkap,CHARITAS CONVENTION_500 pax,"<div id=""tab-description"" role=""tabpanel"" aria-labelledby=""tab-title-description"">

<strong>Fasilitas Charitas Convention Center</strong>
<ol>
 	<li>Pemakian Ruang Max 6 Jam</li>
 	<li>Pemakaian Ruang Kapasitas 1200 Kursi</li>
 	<li>Kursi Tamu 1000 (Pakai Sarung)</li>
 	<li>Panggung Permanen + Podium</li>
 	<li>Sofa Minimalis 16 buah + Meja</li>
 	<li>Gratis Parkir Kapasitas 300 Mobil</li>
 	<li>Ruang Transit Pengganti</li>
 	<li>2 Ruang Make Up</li>
 	<li>Toilet 4 buah Wanita &amp; Pria</li>
 	<li>Pemakaian AC</li>
 	<li>Pemakaian Listrik + Genset</li>
 	<li>Meja Pondokan 6 buah</li>
 	<li>Proyektor + Screen</li>
 	<li>Soundsystem</li>
 	<li>Dekorasi:</li>
</ol>
<ul>
 	<li>Pelaminan Resepsi</li>
 	<li>Mini Garden</li>
 	<li>Gazebo</li>
 	<li>Standing Flowers</li>
 	<li>Photobooth</li>
 	<li>Red Carpet</li>
 	<li>Profesional Lighting</li>
 	<li>Meja Registrasi 4 buah</li>
 	<li>2 bh kotak angpao</li>
</ul>
<strong>Catering By Diraniga Catering</strong>
<ol>
 	<li>500 Pax (ayam, daging)</li>
</ol>
<strong>Akad By IDM, Topan Sapta, PPM2</strong>
<ol>
 	<li>Pakaian Akad</li>
 	<li>Sunting dan Melati Pengantin Akad (Exc. Topan S)</li>
 	<li>2 pcs Songket Ibu Akad</li>
 	<li>2 pcs Pakaian Rumpak Tanjak Bapak Akad</li>
</ol>
<strong>Resepsi By IDM, Topan Sapta, PPM2</strong>
<ol>
 	<li>Pakaian Resepsi</li>
 	<li>Sunting dan Melati Pengantin Resepsi (Exc. Topan S)</li>
 	<li>2 pcs Songket Ibu Resepsi</li>
 	<li>2 pcs Pakaian Rumpak Tanjak Bapak Resepsi</li>
</ol>
<strong>Dokumentasi By Lenza Photo, ink, Arsa ( 1 hari )</strong>
<ol>
 	<li>Photographer &amp; Video Shooting Akad dan Resepsi</li>
 	<li>Liputan Foto Video Akad &amp; Resepsi</li>
 	<li>1 Album Kolase &amp; Box Standart</li>
 	<li>All Files Online Drive</li>
</ol>
<strong>Tata Rias </strong><strong>
</strong>
<ol>
 	<li>Tata Rias Pengantin Akad dan Resepsi By Indah ashaa, vini, ciqa, dina, shanty n, yukipratiwi (1 hari)</li>
 	<li>Tata Rias Ibu Pengantin 2 Org Akad dan Resepsi By Mom MUA Team</li>
</ol>
<strong>Hiburan</strong>
<ol>
 	<li>Tarian Persembahan dan Tari Kreasi</li>
 	<li>Band by soulmate</li>
 	<li>MC Resepsi 2 orang</li>
 	<li>MC Akad 1 orang</li>
</ol>
<strong>Lain – Lain</strong>
<ol>
 	<li>20 Keranjang Hantaran + kotak emas by Bilbo, formysonhantaran</li>
 	<li>Henna by Ulie AG, Lala Zahenna, viartHenna</li>
 	<li>Lulur Tangas by Idha Homespa</li>
 	<li>Wedding book by makna</li>
 	<li>Wedding Planner + Organizer</li>
 	<li>Free 2 org penerima meja tamu</li>
</ol>
<strong>Updated for 2025 by Hr</strong>

</div>",135000000,500,25000000
Makna Wedding & Event Planner,Paket Lengkap,GOLDEN SRIWIJAYA_800 pax,"<strong>FASILITAS GRAND BALLROOM HALL A-B-C</strong>
<ol>
 	<li>Grand ballroom (3 hall)</li>
 	<li>Penggunaan ballroom hingga 4 jam</li>
 	<li>Lighting standard + lampu parlet 8 pcs</li>
 	<li>LCD proyektor dan screen 3x4 (1 unit)</li>
 	<li>Sound system</li>
 	<li>Listrik 10.000 watt</li>
 	<li>Round table VIP 10 pcs</li>
 	<li>Kursi futura 700 unit (situasional)</li>
 	<li>Ruang transit keluarga</li>
 	<li>Catering Ayam, Ikan, Daging 800 Porsi</li>
</ol>
<strong>Dokumentasi By Java/Luminore/ Lenza 1 Hari </strong>
<ol>
 	<li>Photographer &amp; Video Shooting Akad dan Resepsi</li>
</ol>
<strong>Akad         </strong>
<ol>
 	<li>Pakaian Akad By Putri Pinang Masak II, IDM, Topan Sapta</li>
 	<li>Sunting, Melati Pengantin Resepsi (exc. Topan)</li>
 	<li>2 bh Songket Ibu Akad</li>
 	<li>2 bh Pakaian Rumpak Tanjak Bapak Akad</li>
</ol>
<strong>Resepsi </strong>
<ol>
 	<li>Pelaminan Resepsi By Succes, Simplyline, Hj. Nila, PPM 2</li>
 	<li>Pakaian Resepsi By Putri Pinang Masak II, IDM, Topan Sapta</li>
 	<li>Sunting, Melati Pengantin Resepsi (exc. Topan)</li>
 	<li>2 bh Songket Ibu</li>
 	<li>2 bh Pakaian Rumpak Tanjak Bapak Resepsi</li>
</ol>
<strong>Tata Rias   </strong>
<ol>
 	<li>Tata Rias Pengantin Akad dan Resepsi by Ciqarizka, Miao, Indah Ashaa, Shanty N, CicikNia (1 Hari)</li>
 	<li>Tata Rias Ibu Pengantin 2 Org Akad dan Resepsi</li>
</ol>
<strong>Hiburan</strong>
<ol>
 	<li>Tari Persembahan &amp; Tari Kreasi</li>
 	<li>Full Band + Singer</li>
 	<li>2 Org MC resepsi</li>
</ol>
<strong>Lain - Lain</strong>
<ol>
 	<li>Hantaran 10 Akrilik, 10 Rotan dan Kotak Emas Kawin</li>
 	<li>Lulur Tangas</li>
 	<li>Henna by Ulie Ag, Lalazahenna</li>
 	<li>Wedding Planner Akad dan Resepsi</li>
</ol>
<strong><em>Updated 2026 By RN</em></strong>",220850000,800,25000000
Makna Wedding & Event Planner,Paket Lengkap,OPI CONVENTION CENTER_800 pax,"<strong>Gedung Opi Convention Center</strong>
<ol>
 	<li>Pemakaian Ballroom 4 Jam</li>
 	<li>Pelaminan Resepsi Standart</li>
 	<li>Karpet Merah &amp; Standing Flowers Standar</li>
 	<li>MC 1 Orang</li>
 	<li>Sound System</li>
 	<li>Lighting</li>
 	<li>Infokus + Layar Screen</li>
 	<li>2 Buku Tamu</li>
 	<li>2 Kotak Angpao</li>
 	<li>1000 Kursi + Cover</li>
 	<li>Perlengkapan Meja Prasmanan</li>
</ol>
<strong>Hiburan</strong>
<ol>
 	<li>Tari Persembahan &amp; Tari Kreasi By Sanggar Citra</li>
 	<li>2 orang MC Resepsi</li>
 	<li>Full Band 2 Singer by Soulmate</li>
</ol>
<strong>Akad</strong>
<ol>
 	<li>Pakaian Akad IDM, Topan Sapta, PPM 2</li>
 	<li>Sunting + Melati (Exc. Topan)</li>
 	<li>2 Bh Songket Ibu Akad</li>
 	<li>2 Bh Pakaian Rumpak Tanjak Bapak Akad</li>
 	<li>Meja Kursi Akad</li>
</ol>
<strong>Resepsi</strong>
<ol>
 	<li>Pakaian Resepsi IDM, Topan Sapta, PPM 2</li>
 	<li>Sunting + Melati (Exc. Topan)</li>
 	<li>2 Bh Songket Ibu Resepsi</li>
 	<li>2 Bh Pakaian Rumpak Tanjak Bapak Resepsi</li>
</ol>
<strong>Dokumentasi By Java/Luminore/ Lenza 1 Hari </strong>
<ol>
 	<li>Photographer &amp; Video Shooting Akad dan Resepsi</li>
</ol>
<strong>Tata Rias </strong>
<ol>
 	<li>Tata Rias Pengantin Akad Dan Resepsi By Vini / Ciqa / Dina / Shanty Nugraha / Indah Ashaa</li>
 	<li>Tata Rias Ibu Pengantin 2 Org Akad Dan Resepsi By Asst. Mua</li>
</ol>
<strong>Lain – Lain</strong>
<ol>
 	<li>Free 2 Kamar Hotel 1 Malam</li>
 	<li>MC Resepsi 1 Pasang</li>
 	<li>20 Keranjang Hantaran + 1 Kotak Mas Kawin By Bilbo</li>
 	<li>Henna By Ulie Ag, Lala Zahenna, Viathenna</li>
 	<li>Lulur &amp; Tangas</li>
 	<li>Wedding Planner + Organizer Akad &amp; Resepsi</li>
 	<li>Free 2 Org Meja Tamu</li>
</ol>
<strong>Notes: </strong>belum termasuk charge akad dan sarapan akad

<strong>Updated Januari 2024</strong>",192200000,800,25000000
Makna Wedding & Event Planner,Paket Lengkap,EXCELTON HOTEL PALEMBANG_350 pax,"<p style=""text-align: left;""><strong>Fasilitas
</strong></p>

<ul>
 	<li>Event Venue at Grand Diamante</li>
 	<li>Standard Stage uk 8x3M</li>
 	<li>Complimentary Two Deluxe Room For One Night With Two Breakfast</li>
 	<li>Customized Decoration Table For VIP Or Family Table</li>
 	<li>Customized Standard Decoration Honeymoon at Room For Bride's</li>
 	<li>Premium Quality Sound System Maximum 10.000 watt</li>
 	<li>Free Use Projector And Giant Screen</li>
 	<li>Special Room Rate For Additional Room Or Wedding Guest Minimal Five Rooms</li>
 	<li>Complimentary Use Of The Excelton Hotel As Your Pre- Wedding Photoshoot Venue</li>
 	<li>Complimentary Vip Parking For Three Cars Complimentary Two Bottles Sparkling Juice</li>
 	<li>Complimentray For Two Confetti</li>
 	<li>Complimentary Use Vip Room (Tea Ceremony Or Waiting Room For Bride)</li>
 	<li>Complimentary Fruits Basket Ín Brides Room</li>
 	<li>Test Food For Six Persons</li>
 	<li>Complimentary Use Meeting Room For Technical Meeting</li>
</ul>
<strong>Pakaian Akad</strong>
<ul>
 	<li>Pakaian Pengantin Akad By IDM, PPM 2, Topan Sapta</li>
 	<li>Sunting, Melati Pengantin Akad (exc. Topan S)</li>
 	<li>2 bh Songket Ibu Akad</li>
 	<li>2 bh Pakaian Rumpak Tanjak Bapak Akad</li>
</ul>
<strong>Pakaian Resepsi</strong>
<ul>
 	<li>Pakaian Resepsi By IDM, PPM 2, Topan Sapta</li>
 	<li>Sunting, Melati Pengantin (exc. Topan S)</li>
 	<li>2 bh Songket Ibu</li>
 	<li>2 bh Pakaian Rumpak Tanjak Bapak Resepsi</li>
</ul>
<strong>MUA</strong>
<ul>
 	<li>MUA Pengantin Akad dan Resepsi By Shanty Nugraha / Indah Ashaa / Ciqarizka / Ciciknia / Makeupxvini</li>
 	<li>MUA Ibu Pengantin 2 Org Akad dan Resepsi By Team</li>
</ul>
<strong>Dokumentasi By Lenza, On Clay, Arsa          </strong>
<ul>
 	<li>Photographer &amp; Video Shooting Akad dan Resepsi</li>
</ul>
<p><strong>Hiburan</strong></p>

<ul>
 	<li>Tari Persembahan &amp; Tari Kreasi</li>
 	<li>Band + Singer</li>
 	<li>2 Org MC Resepsi</li>
 	<li>1 Org MC Akad</li>
</ul>
<p><strong>Dekorasi</strong></p>

<ul>
 	<li>Pelaminan Resepsi</li>
</ul>
<strong>Lain-Lain</strong>
<ul>
 	<li>20 item hantaran + 1 box cincin by Bilbo, formysonhantaran</li>
 	<li>Henna by lalazahenna, Ulie Ag, Viarthenna, niahennart</li>
 	<li>Lulur &amp; Tangas</li>
 	<li>Wedding Planner + Organizer 14 Crew (akad + resepsi)</li>
 	<li>Free 2 Orang Penerima Meja Tamu</li>
</ul>
*belum termasuk sarapan akad

<em><strong>(Update for 2025 by hr)</strong></em>",209500000,350,25000000
Makna Wedding & Event Planner,Paket Lengkap,RAJAWALI GRAND BALLROOM_1.000 PAX,"<strong>FASILITAS</strong>
<p>Prior The Wedding:</p>

<ol>
 	<li>The Selected menu testing for up to 10 person</li>
 	<li>Photo pre-wedding in hotel location</li>
</ol>
<p>The Reception:</p>

<ol>
 	<li>8 courses of lunch/dinner buffet from various cities and regions for 1000 persons (special choice of tiger prawn as main course in the buffet menu selection)</li>
 	<li>Complimentary 5 food stalss up to 2500 pcs/portions/cups</li>
 	<li>Complimentary food stalls for 200 person at the VIP area</li>
 	<li>Family Lunch/Dinner of bride and grooms for 10 persons during event</li>
 	<li>Complimentary standard 7 tierred wedding cake</li>
 	<li>Exotica Decoration at the wedding stage, wedding gate, standing flowers, and photobooth</li>
 	<li>LED Screen Videotron 3x4 m and 2 projectors 5.100 Lumens with giant screen 3x4 meters</li>
</ol>
<p>Accomodation and other benefits:</p>

<ol>
 	<li>1 Junior suite room for 1 night including breakfast for 2 persons</li>
 	<li>Total up to 10 rooms (5 premier &amp; 5 deluxe) for 1 night including breakfast for 2 persons</li>
 	<li>Ballroom facility for 4 hours (09.30 - 13.30 or 17.30 -21.30)</li>
 	<li>2 function rooms for hospitality during the event</li>
 	<li>Free 20 parking tickets for the family</li>
 	<li>Complimentary 4 guset books, front desk and standing photos</li>
 	<li>Special Ambience by LED cealing Lamp, crystal chandelier lamp and lighting at the ballroom</li>
 	<li>Sound system and electricity up to 10.000 watts</li>
 	<li><strong>Special room price for family and relatives</strong></li>
</ol>
<strong>Hiburan</strong>
<ol>
 	<li>Tari Persembahan &amp; Tari Kreasi</li>
 	<li>Mc Resepsi (1 pasang)</li>
 	<li>Mc Akad (1 orang)</li>
 	<li>Full Band By Soulmate, Frazky, Putra Sakti Ent.</li>
</ol>
<strong>Resepsi</strong>
<ol>
 	<li>Pakaian Resepsi (IDM, Topan Sapta, Pinang Masak II)</li>
 	<li>Melati+Sunting (Excl. Topan)</li>
 	<li>2 bh Songket Ibu</li>
 	<li>2 bh Pakaian Rumpak Tanjak Bapak Resepsi</li>
</ol>
<strong>Akad</strong>
<ol>
 	<li>Pakaian Akad (IDM, Topan Sapta, Pinang Masak II)</li>
 	<li>Melati+Sunting (Excl. Topan)</li>
 	<li>2 bh Songket Ibu Akad</li>
 	<li>2 bh Pakaian Rumpak Tanjak Bapak Akad</li>
</ol>
<strong>Dokumentasi Photographer &amp; Video Shooting Akad dan Resepsi By Lenza / Ink / Luxury / Clay </strong>

Photographer &amp; Video Shooting Akad dan Resepsi

<strong>Tata Rias</strong>
<ol>
 	<li>Tata Rias Pengantin Akad dan Resepsi By Shanty N, Miao, Ciqa, Indah Asha, Vini, Cicik nia</li>
 	<li>Tata Rias Ibu Pengantin 2 Org Akad dan Resepsi By Team</li>
</ol>
<strong>Lain – Lain</strong>
<ol>
 	<li>Wedding Planner Akad dan Resepsi By Makna Wedding</li>
 	<li>Free 2 Kamar Hotel 1 Malam</li>
 	<li>20 item hantaran + 1 box cincin by Bilbo, formysonhantaran</li>
 	<li>1 Rangkai Bucket Bunga</li>
 	<li>Henna</li>
 	<li>Perawatan Pengantin</li>
 	<li>Free 2 Org Penerima Meja Tamu</li>
</ol>
note : Include Charge Akad di Ballroom 15jt

<strong>UPDATE 2026 by RN</strong>",314000000,1000,25000000
Makna Wedding & Event Planner,Paket Lengkap,HOTEL HAYO_300 Pax,"<strong>FASILITAS</strong>
<ul>
 	<li>Buffet Prasmanan 300 Pax (Menu Utama : Ayam dan Ikan)</li>
 	<li>Ruangan Ballroom</li>
 	<li>Sound System</li>
 	<li>Screen dan Infocus</li>
 	<li>Free 1 Smart Room Double</li>
</ul>
<strong>Hiburan</strong>
<ul>
 	<li>Tari Persembahan &amp; Tari Kreasi</li>
 	<li>Mc Resepsi (1 pasang)</li>
 	<li>Solo Keyboard &amp; Singer</li>
</ul>
<strong>Resepsi</strong>
<ul>
 	<li>Pakaian Resepsi + Melati + Sunting (IDM, Topan Sapta, Iin Ellegance)</li>
 	<li>2 bh Songket Ibu (IDM, Topan Sapta, Iin Ellegance)</li>
 	<li>2 bh Pakaian Rumpak Tanjak Bapak Resepsi (IDM, Topan Sapta, Iin Ellegance)</li>
 	<li>Pelaminan Resepsi By Success Wedding, Sshared Wedding</li>
</ul>
<strong>Akad</strong>
<ul>
 	<li>Pakaian Akad + Melati + Sunting By IDM, Topan Sapta, Iin Ellegance</li>
 	<li>2 bh Songket Ibu Akad IDM, Topan Sapta, Iin Ellegance</li>
 	<li>2 bh Pakaian Rumpak Tanjak Bapak Akad IDM, Topan Sapta, Iin Ellegance</li>
 	<li>Pelaminan Akad By Success Wedding, Sshared Wedding</li>
</ul>
<strong>Dokumentasi
</strong><strong>Photographer &amp; Video Shooting Akad dan Resepsi </strong><strong>By Java Photo / Luminore
</strong><strong>Prewedding</strong>
<ul>
 	<li>1 Lokasi Java Studio / 1 Titik Lokasi Luminore</li>
 	<li>2 Konsep</li>
 	<li>2 Buah Cetak 60 x 40 + Frame Minimalis</li>
 	<li>20 Edit Foto</li>
 	<li>All Files Via Online Drive</li>
</ul>
<strong>Wedding</strong>
<ul>
 	<li>2 Fotografer &amp; 1 Videografer</li>
 	<li>Liputan Foto Video Akad &amp; Resepsi (Max. 2 Hari)</li>
 	<li>Wedding Clip 1 Menit</li>
 	<li>1 Album Kolase 20x30 15 Sheet + Box Standart</li>
 	<li>All Files Via Online Drive</li>
</ul>
<strong>Photographer &amp; Video Shooting Akad dan Resepsi </strong><strong>By Lenza Photo</strong>
<ul>
 	<li>2 Fotografer &amp; 1 Videografer</li>
 	<li>Liputan Foto Video Akad &amp; Resepsi (Max. 1 hari)</li>
 	<li>1 Album Kolase Uk. 20×30 15 Sheet Box Standart</li>
 	<li>DVD All Files Wedding</li>
</ul>
<strong>Tata Rias</strong>
<ul>
 	<li>Tata Rias Pengantin Akad dan Resepsi By Miao, Ciqa, Indah Asha, Vini</li>
 	<li>Tata Rias Ibu Pengantin 2 Org Akad dan Resepsi By Team</li>
</ul>
<strong>Lain – Lain</strong>
<ul>
 	<li>Wedding Planner Akad dan Resepsi By Makna Wedding</li>
 	<li>Hantaran 10 Acrilic, 10 Rotan by Decor Story, Seadara, Bilbo</li>
 	<li>Hena dan Perawatan Pengantin by Nia Henna Art, Ulie AG, Lala Zahenna</li>
 	<li>Free 2 Orang Penerima Meja Tamu</li>
</ul>",102500000,300,25000000
Makna Wedding & Event Planner,Paket Lengkap,GRAHA 66_1.000 Pax,"<p><strong>Fasilitas Graha 66 1000 Pax</strong></p>

<ol>
 	<li>Kapasitas 1000 Pax</li>
 	<li>Dekorasi Permanen</li>
 	<li>Gedung Full AC</li>
 	<li>VIP Room Table</li>
 	<li>Kursi Futura + Sarung</li>
 	<li>Gazebo Dekor Permanen</li>
 	<li>Teknisi Sound System</li>
 	<li>Master Of Ceremony (MC) 1 Orang</li>
 	<li>Tim Petugas Parkir</li>
 	<li>Home Singer + Keyboard</li>
</ol>
<em>*free charge catering / lighting dari luar</em>

<strong>Dekorasi Graha 66
</strong>by vendor : Success Decoration, Simplylien Decoration, PPM 2
<ol>
 	<li>Pelaminan</li>
 	<li>Standing Flower</li>
 	<li>Taman Panggung</li>
 	<li>Karpet Jalan</li>
 	<li>Dekor Photobooth</li>
 	<li>Gazebo</li>
 	<li>Meja Kotak Angpao</li>
 	<li>Meja Kursi Akad</li>
</ol>
<ul>
 	<li style=""list-style-type: none;""></li>
</ul>

<strong>Catering 1000 Pax</strong>

by Vendor : Hj Nila Catering, Diraniga Catering
Menu : Buffet Ayam, Ikan, Daging

<strong>Attire Akad Nikah</strong>
<ol>
 	<li>Pakaian Akad By Ricky IDM, Pinang Masak 2, Topan Sapta, Omah Manten(Jawa)</li>
 	<li>Sunting dan Melati Pengantin Akad (excl : Topan Sapta)</li>
 	<li>2 bh Songket Ibu</li>
 	<li>2 bh Pakaian Rumpak Tanjak Bapak Resepsi</li>
</ol>

<strong>Attire Resepsi</strong>
<ol>
 	<li>Pakaian Resepsi By Ricky IDM, Pinang Masak 2, Topan Sapta, Omah Manten (Jawa)</li>
 	<li>Sunting dan Melati Pengantin Resepsi (excl : Topan Sapta)</li>
 	<li>2 bh Songket Ibu</li>
 	<li>2 bh Pakaian Rumpak Tanjak Bapak Resepsi</li>
</ol>

<strong>Tata Rias Akad Resepsi (1 Hari)</strong>
<ol>
 	<li>MUA Pengantin Akad dan Retouch Resepsi By Ciqa Rizka, MakeupxVini, Yuki Pratiwi, Dina Yunistyana</li>
 	<li>MUA Ibu Pengantin 2 Orang</li>
 	<li>Free Hijab Do Ibu Pengantin 2 Orang</li>
</ol>

<strong>Dokumentasi</strong>

by Vendor : Lenza, Arsa, Ink
Profesional photografer dan videografer Akad Nikah dan Resepsi

<strong>Hiburan</strong>
<ol>
 	<li>Band 2 Singer (Soulmate, Frazky, Halfride)</li>
 	<li>Tari Pembukaan dan Kreasi (Rumah Elok, Sanggar Citra)</li>
 	<li>MC Resepsi 1 Pasang</li>
 	<li>Henna (Ulie AG, Lalazahenna, Viarthenna)</li>
 	<li>Lulur Tangas (Idha Home Spa)</li>
 	<li>Hantaran
<ul>
 	<li>Hantaran (10 Acrillic, 10 Rotan) by Bilbo, formysonhantaran</li>
 	<li>Antar Jemput Hantaran (2 x pengantaran)</li>
</ul>
</li>
 	<li>Free Penerima Tamu</li>
 	<li>Wedding Organizer Akad dan Resepsi</li>
</ol>

<strong><em>Update By Jri 07/25</em></strong>",197750000,1000,25000000
Makna Wedding & Event Planner,Paket Lengkap,ASTON GRAND BALLROOM_700 Pax,"<p><strong>Fasilitas</strong></p>

<ul>
 	<li>14 Buffet Menu (10 Buffet, 4 Stall)</li>
 	<li>1 Aston Suite For 2 Nights Include Breakfast for 2 persons</li>
 	<li>6 Deluxe Room For 1 Night Include Breakfast for 2 persons</li>
 	<li>Standard Wedding Decoration</li>
</ul>
<ol>
 	<li style=""list-style-type: none;"">
<ol>
 	<li>Stage</li>
 	<li>Mini Garden</li>
 	<li>Standing Flower</li>
 	<li>Gazebo</li>
 	<li>Melaminto Flooring</li>
 	<li>Photobooth Decoration</li>
</ol>
</li>
</ol>
<ul>
 	<li>Reception Table (4 Angpao Box &amp; Guest Book)</li>
 	<li>1 Giant Screen Projector &amp; Standard Sound Systems</li>
 	<li>Digital Signage</li>
 	<li>Electricity usage up to 10.000 Watts</li>
 	<li>Full Band</li>
 	<li>Wedding Car ""Toyota Alphard"" include driver</li>
 	<li>Couple Initial Ice Carving</li>
 	<li>Glass Pyramid Toast</li>
 	<li>Master of Ceremony Voucher worth 1.500.000</li>
 	<li>Wedding Cake Voucher worth 1.000.000</li>
 	<li>Spa Voucher for 4 Persons</li>
 	<li>VIP Bridal Waiting Room</li>
 	<li>Free Car Park Space for 10 Cars</li>
 	<li>Room for Sangjit / Holy Matrimony / Akad Nikah for 10 Pax</li>
 	<li>Special Room Rate for Additional room up to 6 rooms</li>
 	<li>Food Testing for 10 Pax</li>
 	<li>Coffee Break for Technical Meeting</li>
 	<li>Usage of Pre Wedding photo shoot venue at Aston Hotel Palembang</li>
</ul>
<strong>Dokumentasi By Lenza/ On Clay / ink / Kita Rindu / Merekah</strong>
<ol>
 	<li>Photographer &amp; Video Shooting Akad dan Resepsi</li>
</ol>
<strong>Akad </strong>
<ol>
 	<li>Meja Kursi Akad</li>
 	<li>Pakaian Akad By IDM, Topan Sapta, Pinang Masak II</li>
 	<li>Melati + Sunting (Excl. Topan)</li>
 	<li>2 bh Selendang Songket Ibu</li>
 	<li>2 bh Pakaian Rumpak Tanjak Bapak</li>
</ol>
<strong>Resepsi</strong>
<ol>
 	<li>Pakaian Resepsi By IDM, Topan Sapta, Pinang Masak II</li>
 	<li>Melati + Sunting (Excl. Topan)</li>
 	<li>2 bh Selendang Songket Ibu</li>
 	<li>2 bh Pakaian Rumpak Tanjak Bapak Resepsi</li>
</ol>
<strong>Tata Rias</strong>
<ol>
 	<li>Tata Rias Pengantin Akad dan Resepsi By MakeupxVini, Ciqa, Indah Ashaa, Yuki Pratiwi/ Emmacipid/ Dina Yustyana</li>
 	<li>Tata Rias Ibu Pengantin 2 Org</li>
</ol>
<strong>Hiburan </strong>
<ol>
 	<li>Tari Persembahan &amp; Tari Kreasi</li>
 	<li>2 orang MC Resepsi</li>
</ol>
<strong>Lain - Lain </strong>
<ol>
 	<li>Henna by Nia Henna Art, Ulie AG, Lala Zahenna</li>
 	<li>Lulur dan Tangas by Idha Home Spa</li>
 	<li>20 Kotak Hantaran, 1 Kotak Mas kawin Free Dekor by Bilbo, formysonhantaran</li>
 	<li>Wedding Planner Akad dan Resepsi By Makna Wedding</li>
 	<li>2 Orang Penerima Meja Tamu</li>
</ol>
*Notes: belum termasuk sarapan akad

<strong><em>Updated for 2026 by Fira</em></strong>",243850000,700,25000000
Makna Wedding & Event Planner,Paket Lengkap,GRAHA KENTEN HIJAU INDOOR_300 Pax,"<strong>FASILITAS</strong>
<ul>
 	<li>Ruang VIP</li>
 	<li>Ruang make up</li>
 	<li>Kursi 200 buah</li>
 	<li>Meja bundar</li>
 	<li>Soundsystem</li>
 	<li>Proyektor &amp; layar</li>
 	<li>Listrik 10.000 watt</li>
 	<li>Pemakaian ruangan 5 jam</li>
 	<li>Guest house 2 room</li>
</ul>
<strong>Catering By Hj. Nila Catering</strong>
<ul>
 	<li>Prasmanan 300 Pax</li>
 	<li>Menu Utama Ayam, Ikan, Daging</li>
</ul>
<strong>Hiburan</strong>
<ul>
 	<li>Tari Persembahan &amp; Tari Kreasi</li>
 	<li>MC Resepsi (2 orang)</li>
 	<li>Solo Keyboard &amp; Singer</li>
</ul>
<strong>Akad</strong>
<ul>
 	<li>Pakaian Akad By IDM, Topan Sapta, PPM 2</li>
 	<li>Melati + Sunting (exclude Topan Sapta)</li>
 	<li>2 bh Songket Ibu Akad</li>
 	<li>2 bh Pakaian Rumpak Tanjak Bapak Akad</li>
</ul>
<strong>Resepsi</strong>
<ul>
 	<li>Pakaian Resepsi  by IDM, Topan Sapta, PPM 2</li>
 	<li>Melati + Sunting (exclude Topan Sapta)</li>
 	<li>2 bh Songket Ibu</li>
 	<li>2 bh Pakaian Rumpak Tanjak Bapak Resepsi</li>
</ul>
<strong>Dekorasi by eviarwedding, Successwedding</strong>
<ul>
 	<li>Pelaminan Resepsi</li>
 	<li>Pelaminan Akad</li>
</ul>
<strong>Dokumentasi </strong><strong>By Lenza Photo, Java, Luminore, kitarinduphoto</strong>
<ul>
 	<li>Photographer &amp; Video Shooting Akad dan Resepsi</li>
</ul>
<strong>Tata Rias</strong>
<ul>
 	<li>Tata Rias Pengantin Akad dan Resepsi By Miao, Ciqa, Indah Asha, Vini, Dina Y, Shanty N (1 Hari)</li>
 	<li>Tata Rias Ibu Pengantin 2 Org Akad dan Resepsi By Team</li>
</ul>
<strong>Lain – Lain</strong>
<ul>
 	<li>Hantaran 10 Acrilic, 10 Rotan by Decor Story, Seadara, Bilbo</li>
 	<li>Hena  by Nia Henna Art, Ulie AG, Lala Zahenna</li>
 	<li>Lulur Tangas</li>
 	<li>Wedding Planner Akad dan Resepsi By Makna Wedding</li>
 	<li>Free 2 Orang Penerima Meja Tamu</li>
</ul>
<pre><strong>Edited by Hera for 2024</strong></pre>",126500000,300,25000000
Makna Wedding & Event Planner,Paket Lengkap,GRAHA KENTEN HIJAU OUTDOOR_300 Pax,"<strong>FASILITAS</strong>
<ul>
 	<li>Ruang VIP</li>
 	<li>Ruang make up</li>
 	<li>Kursi 300 buah</li>
 	<li>Meja bundar</li>
 	<li>Soundsystem</li>
 	<li>Proyektor &amp; layar</li>
 	<li>Lighting hall</li>
 	<li>Blower 4 unit</li>
 	<li>Listrik 10.000 watt</li>
 	<li>Pemakaian ruangan 5 jam</li>
 	<li>Guest house 2 room</li>
</ul>
<strong>Catering By Hj. Nila, Gaya, Tiara</strong>
<ul>
 	<li>Prasmanan 300 Pax</li>
 	<li>Menu Utama Ayam, Ikan, Daging</li>
</ul>
<strong>Hiburan</strong>
<ul>
 	<li>Tari Persembahan &amp; Tari Kreasi</li>
 	<li>Mc Resepsi (1 pasang)</li>
 	<li>Solo Keyboard &amp; Singer</li>
</ul>
<strong>Resepsi</strong>
<ul>
 	<li>Pakaian Resepsi (IDM, Topan Sapta, PPM 2)</li>
 	<li>Melati + Sunting (exc. Topan)</li>
 	<li>2 bh Songket Ibu (IDM, Topan Sapta)</li>
 	<li>2 bh Pakaian Rumpak Tanjak Bapak Resepsi (IDM, Topan Sapta, PPM 2)</li>
</ul>
<strong>Akad</strong>
<ul>
 	<li>Pakaian Akad By IDM, Topan Sapta, PPM 2</li>
 	<li>Melati + Sunting (exc. Topan)</li>
 	<li>2 bh Songket Ibu Akad IDM, Topan Sapta, PPM 2</li>
 	<li>2 bh Pakaian Rumpak Tanjak Bapak Akad IDM, Topan Sapta, PPM 2</li>
</ul>
<strong>Dekorasi</strong>
<ul>
 	<li>Pelaminan Resepsi By Anjarweding, Success Wedding</li>
</ul>
<ul>
 	<li>Pelaminan Akad By Anjarweding, Success Wedding</li>
</ul>
<strong>Dokumentasi
</strong><strong>Photographer &amp; Video Shooting Akad dan Resepsi </strong><strong>By Java Photo / Luminor/</strong><strong> Lenza Photo</strong>
<ul>
 	<li>2 Fotografer &amp; 1 Videografer</li>
 	<li>Liputan Foto Video Akad &amp; Resepsi (Max. 1 hari)</li>
 	<li>1 Album Kolase Uk. 20×30 15 Sheet Box Standart</li>
 	<li>Online Drive All Files Wedding</li>
</ul>
<strong>Tata Rias</strong>
<ul>
 	<li>Tata Rias Pengantin Akad dan Resepsi By Ciqa, Indah Asha, Vini</li>
 	<li>Tata Rias Ibu Pengantin 2 Org Akad dan Resepsi By Team</li>
</ul>
<strong>Lain – Lain</strong>
<ul>
 	<li>Wedding Planner Akad dan Resepsi By Makna Wedding</li>
 	<li>Hantaran 10 Acrilic, 10 Rotan by Bilbo / Formyson</li>
 	<li>Hena dan Perawatan Pengantin by Nia Henna Art, Ulie AG, Lala Zahenna</li>
 	<li>Free 2 Orang Penerima Meja Tamu</li>
</ul>
<pre><em><strong>Edited by Hera For 2024</strong></em></pre>",162000000,300,25000000
Makna Wedding & Event Planner,Paket Lengkap,HOTEL AYOLA_500 Pax,"<strong>FASILITAS</strong>
<ul>
 	<li>Prasmanan 500 Pax (Menu Utama : Ikan, Ayam dan Daging)</li>
 	<li>Ruangan Ballroom</li>
 	<li>Sound System</li>
 	<li>2 Screen &amp; Infocus</li>
 	<li>2 Kamar Deluxe</li>
 	<li>Standart Stage</li>
 	<li>Standart Decoration by Ayola Hotel</li>
 	<li>Listrik 10.000 Watt</li>
 	<li>Free Parking</li>
</ul>
<strong>Hiburan</strong>
<ul>
 	<li>Tari Persembahan &amp; Tari Kreasi</li>
 	<li>Mc Resepsi (1 pasang)</li>
 	<li>Solo Keyboard &amp; Singer</li>
</ul>
<strong>Resepsi</strong>
<ul>
 	<li>Pakaian Resepsi + Melati + Sunting (IDM, Topan Sapta, Iin Ellegance, PPM 2)</li>
 	<li>2 bh Songket Ibu (IDM, Topan Sapta, Iin Ellegance)</li>
 	<li>2 bh Pakaian Rumpak Tanjak Bapak Resepsi (IDM, Topan Sapta, Iin Ellegance, PPM 2)</li>
</ul>
<strong>Akad</strong>
<ul>
 	<li>Pakaian Akad + Melati + Sunting By IDM, Topan Sapta, Iin Ellegance, PPM 2</li>
 	<li>2 bh Songket Ibu Akad IDM, Topan Sapta, Iin Ellegance, PPM 2</li>
 	<li>2 bh Pakaian Rumpak Tanjak Bapak Akad IDM, Topan Sapta, Iin Ellegance, PPM 2</li>
 	<li>Pelaminan Akad By Success Wedding</li>
</ul>
<strong>Dokumentasi
</strong><strong>Photographer &amp; Video Shooting Akad dan Resepsi </strong><strong>By Java Photo / Luminore
</strong><strong>Prewedding</strong>
<ul>
 	<li>1 Lokasi Java Studio / 1 Titik Lokasi Luminore</li>
 	<li>2 Konsep</li>
 	<li>2 Buah Cetak 60 x 40 + Frame Minimalis</li>
 	<li>20 Edit Foto</li>
 	<li>All Files Via Online Drive</li>
</ul>
<strong>Wedding</strong>
<ul>
 	<li>2 Fotografer &amp; 1 Videografer</li>
 	<li>Liputan Foto Video Akad &amp; Resepsi (Max. 2 Hari)</li>
 	<li>Wedding Clip 1 Menit</li>
 	<li>1 Album Kolase 20x30 15 Sheet + Box Standart</li>
 	<li>All Files Via Online Drive</li>
</ul>
<strong>Photographer &amp; Video Shooting Akad dan Resepsi </strong><strong>By Lenza Photo</strong>
<ul>
 	<li>2 Fotografer &amp; 1 Videografer</li>
 	<li>Liputan Foto Video Akad &amp; Resepsi (Max. 1 hari)</li>
 	<li>1 Album Kolase Uk. 20×30 15 Sheet Box Standart</li>
 	<li>DVD All Files Wedding</li>
</ul>
<strong>Tata Rias</strong>
<ul>
 	<li>Tata Rias Pengantin Akad dan Resepsi By Miao, Ciqa, Indah Asha, Vini</li>
 	<li>Tata Rias Ibu Pengantin 2 Org Akad dan Resepsi By Team</li>
</ul>
<strong>Lain – Lain</strong>
<ul>
 	<li>Wedding Planner Akad dan Resepsi By Makna Wedding</li>
 	<li>Hantaran 10 Acrilic, 10 Rotan by Decor Story, Seadara, Bilbo</li>
 	<li>Hena dan Perawatan Pengantin by Nia Henna Art, Ulie AG, Lala Zahenna</li>
 	<li>Free 2 Orang Penerima Meja Tamu</li>
</ul>",109000000,500,25000000
Makna Wedding & Event Planner,Paket Lengkap,LAMARAN RUMAH 100 Pax,"<strong>FASILITAS</strong>

<strong>Dekorasi by Hj. Nila, Naraya, PPM 2</strong>
<ul>
 	<li>Dekorasi lamaran dan meja kursi</li>
</ul>
<strong>Catering 100 pax by Hj. Nila
</strong>
<ul>
 	<li>Menu Ayam, Ikan, daging</li>
</ul>
<strong>Photographer lamaran by Lenza, ink, On Clay</strong>
<ul>
 	<li>Photographer dan videographer lamaran</li>
</ul>
<strong>MUA By Indah Asyaa, MakeUpXVini, Ciqarizka, yukipratiwi</strong>
<ul>
 	<li>MUA lamaran + Hijab do Calon Tunang Wanita</li>
 	<li>MUA 2 Mama Calon Tunang</li>
</ul>
<strong>Lain-Lain </strong>
<ul>
 	<li>Hantaran 10 akrilik, 10 rotan by Bilbo, formysonhantaran</li>
 	<li>1 orang Profesional MC</li>
 	<li>Set Standart Sound system &amp; Mic Wireless</li>
 	<li>Tenda standard 2 unit</li>
 	<li>Kursi &amp; Sarung 50 Pcs</li>
 	<li>WO lamaran by Makna Wedding</li>
</ul>
<pre><b>UPDATED FOR 2026 -FR</b></pre>",36550000,100,25000000
Makna Wedding & Event Planner,Paket Lengkap,LAMARAN SANTIKA PREMIER_100 Pax,"<strong>FASILITAS</strong>
<ul>
 	<li>Penggunaan Ruangan</li>
 	<li>Buffet Menu 100 Pax</li>
 	<li>Standart Sound System &amp; Mic Wireless</li>
 	<li>Set Up Standar Stage (Indoor)</li>
 	<li>Set Up Kursi Tamu &amp; Meja Kursi</li>
</ul>
<strong>Dekorasi</strong>
<ul>
 	<li>Dekorasi lamaran by Hj. Nila, PPM 2</li>
</ul>
<strong>Dokumentasi</strong>
<ul>
 	<li>Photographer dan Videographer Lamaran by Lenza, OnClay, Luxury</li>
</ul>
<strong>MUA</strong>
<ul>
 	<li>Make up lamaran by Ciqarizka, Makeupxvini, yuki pratiwi, cellyskinoi, imelsmakeup</li>
</ul>
<strong>Lain-Lain</strong>
<ul>
 	<li>1 kamar deluxe 1 malam</li>
 	<li>1 orang MC</li>
 	<li>Kotak seserahan 10 akrilik, 10 rotan by Bilbo, formysonhantaran</li>
 	<li>WO lamaran</li>
</ul>
<strong>Update 2024 by Hera</strong>",57500000,100,25000000
Makna Wedding & Event Planner,Paket Lengkap,LAMARAN ASTON_100 Pax,"<strong>FASILITAS</strong>
<ul>
 	<li>Buffet Menu 100 Pax</li>
 	<li>Pengggunaan Ruangan &amp; Kursi</li>
 	<li>Standart Sound System</li>
</ul>
<strong>Dekorasi</strong>
<ul>
 	<li>Dekorasi lamaran by Hj. Nila, PPM 2, Naraya</li>
</ul>
<strong>Dokumentasi</strong>
<ul>
 	<li>Photographer &amp; Videographer Lamaran by Lenza, Clay, Luxury, ink</li>
</ul>
<strong>MUA</strong>
<ul>
 	<li>Make up lamaran by Miaomakeup, Ciqarizka, Indah Asyaa, Makeupxvini</li>
</ul>
<strong>Lain-Lain</strong>
<ul>
 	<li>1 kamar deluxe room 1 malam</li>
 	<li>1 orang MC</li>
 	<li>Kotak seserahan 10 akrilik, 10 rotan by Bilbo, formyson</li>
 	<li>WO lamaran</li>
</ul>",53000000,100,25000000
Makna Wedding & Event Planner,Paket Lengkap,ARYADUTA HOTEL PALEMBANG_1.000 pax (PLATINUM),"<strong>FASILITAS</strong>
<ol>
 	<li>Standard Aryaduta Ballroom</li>
 	<li>1 Honeymoon Suite Room for two nights stay</li>
 	<li>2 Junior Suite Room for one night stay</li>
 	<li>4 Deluxe Room for one night stay</li>
 	<li>10 selection of wedding menu</li>
 	<li>VIP food stall for 100 people</li>
 	<li>Food tasting for 10 people</li>
 	<li>Coffee break for 15 VIP guest at waiting room</li>
 	<li>Coffee break for 15 VIP guest technical meeting</li>
 	<li>LED Screen</li>
 	<li>Ice carving satu set ukuran es dengan inisial Nama Pengantin</li>
 	<li>4 guest books</li>
 	<li>Massage treatments for wedding couple at The Spa</li>
 	<li>Parking for 10 cars</li>
 	<li>Aryaduta's gift Yukata</li>
 	<li>Free Penggunaan hotel indoor dan outdoor untuk sesi foto prewedding</li>
</ol>
<strong>Attire Akad </strong>
<ol>
 	<li>Pakaian Pengantin Akad By Topan Sapta, IDM, Pinang Masak II</li>
 	<li>Melati Pengantin Akad + Sunting (exc. Topan)</li>
 	<li>2 pcs Songket Ibu Akad</li>
 	<li>2 pcs Pakaian Rumpak Tanjak Bapak Akad</li>
 	<li>4 pcs Pakaian Rumpak Tanjak Keluarga</li>
</ol>
<strong>Attire Resepsi</strong>
<ol>
 	<li>Pakaian Resepsi By Topan Sapta, IDM, Pinang Masak II</li>
 	<li>Melati Pengantin Resepsi + Sunting (exc. Topan)</li>
 	<li>2 pcs Songket Ibu</li>
 	<li>2 pcs Pakaian Rumpak Tanjak Bapak Resepsi</li>
</ol>
<strong>Dekorasi Exlusive By Naraya, Hj Nila, Putri Pinang Masak 2</strong>
<ol>
 	<li>Dekorasi Wedding Exlusive</li>
 	<li>Pelaminan Panggung (Ready)</li>
 	<li>1 Set Sofa Pelaminan</li>
 	<li>Taman panggung</li>
 	<li>Melaminto jalan</li>
 	<li>Gazebo</li>
 	<li>6 Standing flower</li>
 	<li>Dekorasi Photobooth</li>
 	<li>Dekorasi meja registrasi</li>
 	<li>4 kotak angpao</li>
 	<li>2 pcs pohon</li>
</ol>
<strong>Dokumentasi Photographer &amp; Video Shooting Akad dan Resepsi By Lenza, Ink, Luxury, Arsa, OnClay, Lig Art</strong>

Photographer &amp; Video Shooting Akad dan Resepsi

<strong>Tata Rias By Shanti N / Ciqa R / Indah Asyha / Vini / CicikNia / monikaashari</strong>
<ol>
 	<li>Tata Rias Pengantin Akad Resepsi (1 Hari)</li>
 	<li>Tata Rias Ibu Pengantin 2 Org Akad Resepsi</li>
 	<li>Hijab do Ibu Pengantin 2 org Akad Resepsi</li>
</ol>
<strong>Hiburan</strong>
<ol>
 	<li>Sound System Akad + Resepsi</li>
 	<li>Band By Frazky / Soulmate</li>
 	<li>Tari Pembuka dan Kreasi</li>
 	<li>Mc Resepsi (2 org), Akad (1 Org)</li>
</ol>
<strong>Lain Lain</strong>
<ol>
 	<li>Prosesi Adat (Palembang/Sunda)</li>
 	<li>20 item hantaran + 1 box cincin by Bilbo, formysonhantaran</li>
 	<li>Lulur Tangas</li>
 	<li>Henna</li>
 	<li>Free 2 Orang Penerima Meja Tamu</li>
 	<li>Wedding Planner Akad dan Resepsi</li>
</ol>
*belum termasuk sarapan akad

<strong>Updated for 2026 by Fira</strong>",498000000,1000,25000000
Makna Wedding & Event Planner,Paket Lengkap,HOTEL ARISTA PALEMBANG_1000 PAX,"<p><strong>Fasilitas</strong></p>

<ol>
 	<li>1000 Pax Arista Emporio Ballroom</li>
 	<li>8 macam pilihan menu yang dapat disesuaikan dengan pilihan</li>
 	<li>Free 2 macam Pondokan untuk 200 Porsi (Mih Kocok | Bakso Malang | Martabak | Gulai Ketupat | Juanlo | Korean Beef Bulgogi)</li>
 	<li>Pemakaian ruangan Emporio Ballroom selama 4 jam</li>
 	<li>2 malam menginap untuk pengantin di 1 kamar Arista Club</li>
 	<li>1 malam menginap untuk keluarga di 2 kamar Superior</li>
 	<li>Pengambilan foto pre-wedding di area hotel</li>
 	<li>Food tasting untuk 10 orang sesuai menu pilihan</li>
 	<li>VIP room untuk keluarga dan panitia</li>
 	<li>Meeting room untuk technical meeting</li>
 	<li>Complimentary standar kue pernikahan</li>
 	<li>Complimentary MC hotel 1</li>
 	<li>Complimentary solo keyboard and singer</li>
 	<li>Wine glass pyramid</li>
 	<li>2 botol sparkling juice untuk proses wedding toast</li>
 	<li>4 unit LCD projector</li>
 	<li>2 unit giant screen</li>
 	<li>2 unit standard screen</li>
 	<li>Free Live Camera</li>
 	<li>Meja penerima tamu</li>
 	<li>4 buku tamu dan 2 kotak angpao</li>
 	<li>Pemakaian listrik dan sound system max 10.000 watt</li>
 	<li>Harga spesial untuk penambahan kamar di luar compliment</li>
 	<li>Free flow mineral water dan chinese tea</li>
</ol>
<strong>Dekorasi Resepsi By HJ Nila, PPM 2
</strong>
<ol>
 	<li>Pelaminan</li>
 	<li>Taman panggung</li>
 	<li>standing flower</li>
 	<li>gazebo</li>
 	<li>dekorasi meja registrasi</li>
 	<li>dekorasi meja photobooth</li>
</ol>
<p><strong>Akad</strong></p>

<ol>
 	<li>Pakaian Akad By Ricky IDM, Pinang Masak II, Topan Sapta</li>
 	<li>Melati Pengantin Akad + Sunting ( Exc. Topan )</li>
 	<li>2 pcs Songket Ibu Akad</li>
 	<li>2 pcs Pakaian Rumpak Tanjak Bapak Akad</li>
</ol>
<p><strong>Resepsi</strong></p>

<ol>
 	<li>Pakaian Resepsi By Ricky IDM, Pinang Masak II, Topan Sapta</li>
 	<li>Melati Pengantin Resepsi + Sunting ( Exc. Topan )</li>
 	<li>2 pcs Songket Ibu</li>
 	<li>2 pcs Pakaian Rumpak Tanjak Bapak Resepsi</li>
</ol>
<p><strong>Dokumentasi By Lenza, arsa, ink, on clay, luxury
</strong></p>

<ol>
 	<li>Photographer &amp; Video Shooting Akad dan Resepsi</li>
</ol>
<p><strong>Tata Rias By Miao Miao / Ciqa R / Indah Asyha / Vini /yuki
</strong></p>

<ol>
 	<li>Tata Rias Pengantin Akad Resepsi</li>
 	<li>Tata Rias Ibu Pengantin 2 Org Akad Resepsi</li>
</ol>
<p><strong>Hiburan</strong></p>

<ol>
 	<li>Sound System Akad + Resepsi</li>
 	<li>Full Band + 3 Singer</li>
 	<li>Tari Pembuka dan Kreasi</li>
 	<li>Mc Resepsi 1 pasang</li>
</ol>
<p><strong>Lain Lain</strong></p>

<ol>
 	<li>20 Kotak Hantaran + 1 Kotak Mas Kawin Free Hias By Bilbo, Formysons</li>
 	<li>Prosesi Adat (Palembangan)</li>
 	<li>Henna Lala Zahenna, Ulie Ag</li>
 	<li>Lulur dan Tangas</li>
 	<li>Wedding Planner + Organizer Akad Resepsi By Makna Wedding</li>
 	<li>Wedding Book By Makna Wedding</li>
 	<li>Free 2 Orang Penerima Meja Tamu</li>
</ol>
*belum termasuk sarapan akad
<p><strong><em><b><i>updated for 2025 by HR
</i></b></em></strong></p>",522500000,1000,25000000
Makna Wedding & Event Planner,Paket Lengkap,MASJID AGUNG PALEMBANG AKAD _100 Pax,"<strong>Fasilitas Yayasan Masjid Agung</strong>
<ol>
 	<li>Ruang Kubah</li>
 	<li>Pelaminan</li>
 	<li>Dekorasi Pelaminan</li>
 	<li>Ambal</li>
 	<li>Sound System</li>
 	<li>Meja Akad Nikah</li>
 	<li>Qori'</li>
 	<li>Khutbah Nikah</li>
 	<li>Hadroh</li>
 	<li>1 Org MC</li>
</ol>
<strong>Makanan Akad 100 pax</strong>
<ol>
 	<li>Snack 100 pax (Martabak/Tekwan) by Hj. Nila Catering</li>
 	<li>Kue tampah by Hj.Nila Catering</li>
</ol>
<strong>Busana Akad Pengantin by PPM II, RickyIDM</strong>
<ol>
 	<li>Pakaian Akad Sunting dan Melati Pengantin Akad</li>
 	<li>2 bh Songket Ibu Akad</li>
 	<li>2 bh Pakaian Rumpak Tanjak Bapak Akad</li>
</ol>
<strong>Dokumentasi By Java / Luminore / Lenza</strong>
<ol>
 	<li>Photographer &amp; Video Shooting Akad</li>
</ol>
<strong>Tata Rias By  Ciqarizka / Indah Asyaa / Makeupxvini / Yuki P / Cicik Nia</strong>
<ol>
 	<li>Tata Rias Pengantin</li>
 	<li>Tata Rias Ibu Pengantin 2 Org by Team</li>
</ol>
<strong>Lain – Lain</strong>
<ol>
 	<li>20 Keranjang Hantaran (10 akrilik &amp; 10 rotan)</li>
 	<li>Henna</li>
 	<li>Lulur &amp; Tangas untuk wanita</li>
 	<li>Wedding Planner by Makna Wedding Organizer</li>
 	<li>2 Orang Penerima Meja Tamu</li>
</ol>
<b>Update for 2024 by Rina</b>",58000000,100,25000000
Makna Wedding & Event Planner,Paket Lengkap,WEDDING ORGANIZER RESEPSI,"Jasa Wedding Organizer untuk 1 Event (Resepsi / Ngunduh Mantu)

FASILITAS

1. 15 - 17 Crew Resepsi
2. Wedding Planner (Pelayanan pengantin dimulai dari persiapan sampai dengan selesai acara (0% – 100%)
3. Free 2 Orang Penerima Meja Tamu
4. Wedding Checklist / Wedding Book
5. Konsultasi acara resepsi
6. Konsultasi budget calon pengantin
7. Meeting dengan team wo dan vendor
8. Memonitor semua pelaksanaan Akad dan Resepsi sesuai dengan rundown acara yang telah disepakati sebelumnya

Detail Services :

SEBELUM HARI H

1. Free Konsultasi.
2. Pertemuan secara berkala untuk pembahasan konsep acara dan waktu pelaksanaan.
3. Membuat dan memantau “wedding checklist”.
4. Follow up dan koordinasi dengan vendor terkait.
5. Mengatur dan berkoordinasi dengan mempelai dan vendor untuk waktu Technical meeting.
6. Konfirmasi ke orang tua, bestman, bridesmaid, pihak keluarga yang menjadi panitia.
7. Pertemuan dengan pihak keluarga (jika diperlukan).

HARI “H” — WEDDING DAY

1. Tim organizer terdiri dari 15 - 17 orang.
2. Standby 2 jam sebelum prosesi awal masing -masing mempelai (rumah / apartemen / hotel).
3. Koordinasi &amp; briefing dengan pihak keluarga mengenai prosesi pelepasan dan pertemuan pengantin.
4. Menyediakan time Keeper agar acara berlangsung sesuai rundown. (Prosesi pertemuan ke-2 pengantin, persiapan resepsi &amp; acara resepsi).
5. Membantu acara resepsi dan berkoordinasi dengan pihak yang terkait dalam acara.
6. Pengawasan kinerja para vendor selama acara berlangsung untuk hasil yang maksimal.
7. Gladiresik sebelum acara berlangsung.
8. Memimpin dan memonitor acara resepsi.
9. Memimpin photo session berkoordinasi dengan pihak foto dan video.",15000000,1000,25000000
Makna Wedding & Event Planner,Paket Lengkap,WEDDING ORGANIZER AKAD/ LAMARAN,"Jasa Wedding Organizer untuk 1 Event (Akad Nikah atau Lamaran)

FASILITAS

1. 6 - 7 Crew Akad Nikah
2. Wedding Planner (Pelayanan pengantin dimulai dari persiapan sampai dengan selesai acara (0% – 100%)
3. Free 2 Orang Penerima Meja Tamu
4. Wedding Checklist / Wedding Book
5. Konsultasi acara akad
6. Konsultasi budget calon pengantin
7. Meeting dengan team wo dan vendor
8. Memonitor semua pelaksanaan Akad sesuai dengan rundown acara yang telah disepakati sebelumnya

Detail Services :

SEBELUM HARI H

1. Free Konsultasi.
2. Pertemuan secara berkala untuk pembahasan konsep acara dan waktu pelaksanaan.
3. Membuat dan memantau “wedding checklist”.
4. Follow up dan koordinasi dengan vendor terkait.
5. Mengatur dan berkoordinasi dengan mempelai dan vendor untuk waktu Technical meeting.
6. Konfirmasi ke orang tua, bestman, bridesmaid, pihak keluarga yang menjadi panitia.
7. Pertemuan dengan pihak keluarga (jika diperlukan).

HARI “H” — WEDDING DAY

1. Tim organizer terdiri dari 5 orang akad.
2. Standby 2 jam sebelum prosesi awal masing -masing mempelai (rumah / apartemen / hotel).
3. Koordinasi &amp; briefing dengan pihak keluarga mengenai prosesi pelepasan dan pertemuan pengantin.
4. Menyediakan time Keeper agar acara berlangsung sesuai rundown. (Prosesi pertemuan ke-2 pengantin, persiapan resepsi &amp; acara resepsi).
5. Membantu acara akad nikah dan berkoordinasi dengan pihak yang terkait dalam acara.
6. Pengawasan kinerja para vendor selama acara berlangsung untuk hasil yang maksimal.
7. Gladiresik sebelum acara berlangsung.
8. Memimpin dan memonitor acara resepsi.
9. Memimpin photo session berkoordinasi dengan pihak foto dan video.",7500000,200,25000000
Makna Wedding & Event Planner,Paket Lengkap,THE ROYAL CONVENTION_1.000 pax,"<strong>Fasilitas</strong>
<ol>
 	<li>Kapasitas gedung 1000 pax</li>
 	<li>Ruangan Full AC dan Karpet</li>
 	<li>Lighting Profesional + Operator</li>
 	<li>Ruangan Make Up dan Ruang Tunggu Keluarga</li>
 	<li>Pemakaian Ruangan selama 7 jam</li>
 	<li>2 Halaman Parkir yang luas serta Petugas</li>
 	<li>Sound System + Operator</li>
 	<li>8 Set Round Table VIP</li>
 	<li>2 Meja Registrasi + Kota Uang + Buku Tamu</li>
 	<li>Pelaminan Resepsi + Taman Panggung (RCC)</li>
 	<li>Bunga Jalan 4 Titik</li>
 	<li>Dekorasi Photobooth</li>
 	<li>Gazebo &amp; Red Carpet</li>
</ol>
<strong>AKAD </strong>
<ol>
 	<li>Dekorasi Akad Nikah By Success Decoration</li>
 	<li>Pakaian pengantin akad by RickyIDM/Putri Pinang Masak 2/Topan S</li>
 	<li>Sunting + Melati Akad (exc. Topan S)</li>
 	<li>2 bh songket ibu akad</li>
 	<li>2 buah pakaian rumpak tanjak bapak akad</li>
</ol>
<strong>RESEPSI</strong>
<ol>
 	<li>Pakaian pengantin resepsi by RickyIDM/Putri Pinang Masak 2/Topan S</li>
 	<li>Sunting + Melati resepsi (exc. Topan S)</li>
 	<li>2 bh songket ibu resepsi</li>
 	<li>2 buah pakaian rumpak tanjak bapak resepsi</li>
</ol>
<strong>CATERING by diraniga/hj nila catering</strong>
<ol>
 	<li>1000 porsi (Ayam, Ikan, Daging)</li>
</ol>
<strong>DOKUMENTASI
</strong><strong>Photographer &amp; Video Shooting Akad dan Resepsi </strong><strong>By Lenza(1 hari)/Java Photo / Luminore
</strong>
<ol>
 	<li>2 Fotografer &amp; 1 Videografer</li>
 	<li>Liputan Foto Video Akad &amp; Resepsi (Max. 2 Hari)</li>
 	<li>1 Album Kolase 20x30 15 Sheet + Box Standart</li>
 	<li>All Files Via Online Drive</li>
</ol>
<strong>HIBURAN</strong>
<ol>
 	<li>Tari Persembahan &amp; Tari Kreasi</li>
 	<li>Band + 2 singer</li>
 	<li>2 orang MC Resepsi</li>
 	<li>1 orang MC Akad</li>
</ol>
<strong>LAIN LAIN</strong>
<ol>
 	<li>Wedding Planner &amp; Organizer</li>
 	<li>Hantaran (10 acrilic + 10 rotan) by Bilbo/Formysonhantaran</li>
 	<li>Henna by Lalazahenna/Ulie Ag/Viarthenna</li>
 	<li>Lulur Tangas by Idha Home Spa</li>
 	<li>Free 2 Kamar Hotel 1 Malam</li>
 	<li>Free Wedding Book by Makna Wedding</li>
</ol>
<strong>Updated By FR 2025</strong>",172000000,1000,25000000
Makna Wedding & Event Planner,Paket Lengkap,MERCURE HOTEL BENGKULU_1000 PAX,"<strong>FASILITAS</strong>
<ol>
 	<li>Buffet makanan termasuk makanan pembuka, utama &amp; penutup untuk 1000 porsi</li>
 	<li>Penggunaan ruangan untuk 6 jam</li>
 	<li>Uji rasa makanan untuk 6 orang</li>
 	<li>Potongan harga khusus untuk pemesanan kamar</li>
 	<li>Gratis pondokan makanan</li>
 	<li>Gratis panggung standar</li>
 	<li>Gratis sound system standar</li>
 	<li>Gratis dekorasi standar</li>
 	<li>Gratis peminjaman mobil untuk pengantin</li>
 	<li>Gratis 1 malam di kamar tipe executive + sarapan dekorasi standart bulan madu</li>
 	<li>Gratis area parkir untuk tamu undangan</li>
 	<li>Gratis penggunaan layar besar di ruangan</li>
 	<li>Gratis pembawa acara (MC)</li>
 	<li>Gratis hiburan organ tunggal, saxophone, dan penyanyi</li>
 	<li>Gratis penggunaan 1 ruangan untuk transit atau berhias</li>
 	<li>Gratis penggunaan ruang area umum hotel untuk pemotretan menjelang pernikahan (pre-wedding)</li>
</ol>
<strong>Pakaian Resepsi By IDM, Pinang Masak 2, Topan </strong>
<ol>
 	<li>Pakaian Resepsi Pengantin</li>
 	<li>Melati dan Sunting Pengantin Resepsi (Excl Topan)</li>
 	<li>2 bh Songket Ibu</li>
 	<li>2 bh Pakaian Rumpak Tanjak Bapak Resepsi</li>
 	<li>4 Beskap keluarga</li>
</ol>
<strong>Pakaian Akad By IDM, Pinang Masak 2, Topan</strong>
<ol>
 	<li>Pakaian Akad Pengantin</li>
 	<li>Melati dan Sunting Pengantin Akad (Excl Topan)</li>
 	<li>2 bh Songket Ibu Akad</li>
 	<li>2 bh Pakaian Rumpak Tanjak Bapak Akad</li>
</ol>
<strong>Dokumentasi By Daydream</strong>
<ol>
 	<li>2 Photographer &amp; 2 Videographer</li>
 	<li>8 Hours Photo Session</li>
 	<li>1 Venue</li>
 	<li>1 Short Video Clip</li>
 	<li>300 Photo Edited</li>
 	<li>All Files Via Gdrive</li>
 	<li>1 Exclusive Album 30x30 30Sheets</li>
 	<li>2 Pcs 60x90cm Photo Frame</li>
 	<li>USB Flash Drive</li>
</ol>
<strong>Hiburan</strong>
<ol>
 	<li>Tari pembuka + Tari Kreasi by Sanggar Essy Bengkulu</li>
</ol>
<strong>Tata Rias Akad dan Resepsi</strong>
<ol>
 	<li>Tata Rias Pengantin By Miao, Ciqa, Yuki, Vini, Dina</li>
 	<li>Tata Rias Ibu Pengantin 2 Org By Team MUA</li>
</ol>
<strong>Lain - Lain</strong>
<ol>
 	<li>Prosesi adat (Palembangan)</li>
 	<li>WO Akad Resepsi</li>
 	<li>20 Kotak Hantaran, 1 Kotak Mas Kawin dan Free Hias</li>
 	<li>Henna by Rindy Henna Bengkulu</li>
 	<li>Lulur Tangas by Bentange Bengkulu</li>
</ol>
<em>Note : Belum Termasuk Akomodasi Vendor Palembang</em>",259000000,1000,25000000
Makna Wedding & Event Planner,Paket Lengkap,HARMONY CONVENTION CENTER_1000 PAX,"<strong>FASILITAS</strong>
<ul>
 	<li>Pemakaian Ballroom selama 8 jam</li>
 	<li>Pemakaian Kuang talent</li>
 	<li>Pemakaian Ruang Makeup/Pengantin</li>
 	<li>Free Penggunaan Videotron 4x8 m</li>
 	<li>Free penggunaan Ballroom untuk acara akad nikab dihari yang sama</li>
 	<li>Full Lighting (Parlet &amp; Moving Light)</li>
 	<li>Singer Keyboard + Singer</li>
 	<li>Standard sound system &amp; Wireless Microphone</li>
 	<li>Listrik 10.000 Watt</li>
 	<li>Kursi futura bersarung sebanyak 1000 pcs</li>
 	<li>GR 2 jam（kipas blower + AC nyala nanya unIC）</li>
 	<li>Panggung ukuran 12x4 m</li>
 	<li>Free Parkir</li>
</ul>
<strong>Dekorasi </strong>
<ul>
 	<li>Pelaminan Resepsi By PPM2, Hj Nila Project, Anjar Wedding, Succes, Sister Frame, Glamour Wedding Planner, Eviar, Qanita, Sanggar Seni Carana Ameh</li>
 	<li>Mini Garden</li>
 	<li>Dekor Fotobooth</li>
 	<li>Standing Flower</li>
 	<li>Dekor Penerima Tamu</li>
 	<li>Pelaminan Akad</li>
</ul>
<strong>Catering by hj nila, diraniga</strong>
<ul>
 	<li>1000 pax: ayam, ikan daging</li>
</ul>
<strong>Dokumentasi On Clay, Kita Rindu, Lenza, Arsa, Luxury  </strong>
<ul>
 	<li>Photographer &amp; Video Shooting Akad dan Resepsi</li>
</ul>
<strong>Akad   </strong>
<ul>
 	<li>Pakaian Akad By Putri Pinang Masak II, IDM, Topan Sapta</li>
 	<li>Melati Pengantin Akad (exc. topan sapta)</li>
 	<li>2 pcs Songket Ibu Akad</li>
 	<li>2 pcs Pakaian Rumpak Tanjak Bapak Akad</li>
</ul>
<strong>Resepsi           </strong>
<ul>
 	<li>Dekorasi Pelaminan Resepsi By Harvest, Success, Simplyline</li>
 	<li>Pakaian Resepsi By Putri Pinang Masak II, IDM, Topan Sapta</li>
 	<li>Melati Pengantin Resepsi (exc. topan sapta)</li>
 	<li>2 pcs Songket Ibu Resepsi</li>
 	<li>2 pcs Pakaian Rumpak Tanjak Bapak Resepsi</li>
</ul>
<strong>Tata Rias       </strong>
<ul>
 	<li>Tata Rias Pengantin Akad dan Resepsi by Ciqa, Miao, Vini, Shanty, ciciknia, monikaashari (1 Hari)</li>
 	<li>Tata Rias Ibu Pengantin 2 Org Akad dan Resepsi</li>
</ul>
<strong>Hiburan          </strong>
<ul>
 	<li>Tari Persembahan &amp; Tari Kreasi</li>
 	<li>Band + 2 Singer by Soulmate, Frazky</li>
 	<li>2 Org MC Resepsi</li>
 	<li>1 org MC Akad</li>
</ul>
<strong>Lain - Lain       </strong>
<ul>
 	<li>Hantaran 10 Akrilik, 10 Rotan by Bilbo, formysonhantaran</li>
 	<li>Henna by lalazahenna, ulie ag</li>
 	<li>Wedding Book</li>
 	<li>Lulur, Tangas</li>
 	<li>Wedding Planner Akad dan Resepsi</li>
 	<li>Free 2 Orang Penerima Tamu</li>
</ul>
*belum termasuk sarapan akad

<strong>UPDATE 2025 - FD</strong>",218600000,1000,25000000
Makna Wedding & Event Planner,Paket Lengkap,THE ZURI HOTEL_1000 PAX,"<strong>Fasillitas Ballroom The Zuri Hotel 1000pax</strong>
<ul>
 	<li>Buffet Menu : 14 Menu</li>
</ul>
<ol>
 	<li>7 Main Course</li>
 	<li>2 Appetizer</li>
 	<li>1  Soup</li>
 	<li>3 Dessert</li>
 	<li>1  Salad Bar</li>
</ol>
<ul>
 	<li>4 food stall each for 75 portion</li>
 	<li>Complimentary 2 Night Stay at Junior Suite Room with Breakfast For 2 Persons (1 room 2 nights)</li>
 	<li>Complimentary 8 Night Stay at Superior Room with Breakfast For 2 Persons</li>
 	<li>Food Testing For 10 Persons</li>
 	<li>Free Flow Drinking Water</li>
 	<li>Free Coffeebreak Fot Technical Meeting</li>
 	<li>Wedding Cake (Dummy)</li>
 	<li>2 bh Videotron</li>
 	<li>Standard Sound System and Microphone</li>
 	<li>MC by Cash Voucher (jadi mc akad)</li>
 	<li>Dekorasi:</li>
</ul>
<ol>
 	<li>Standard Wedding Stage Decoration by Exotica</li>
 	<li>Free Mini Garden On Wedding Stage by Exotica</li>
 	<li>Free 8 Standing Flower Decoration</li>
 	<li>Free Red Carpet</li>
 	<li>Free Wedding Gates</li>
 	<li>Free Photobooth Decoration</li>
 	<li>Reception Table and Angpao Box</li>
 	<li>4 Wedding Receptionist Books</li>
</ol>
<ul>
 	<li>Special Room Rate For Additional Rooms or Wedding Guest</li>
 	<li>Electricity Usage Up to 10.000 Watts</li>
 	<li>Complimentary for Sangjit/Holy Matrimony/ Akad Nikah 50 pax</li>
 	<li>Spa package 4 person</li>
 	<li>Complimentary Car Park Space for 10 Cars</li>
 	<li>Complimentary Use of The Zuri Hotel as Pre Wedding Photo Shoot Venue</li>
 	<li>Complimentary VIP Waiting Room</li>
 	<li>Compilmentary Use Of Wellness Center Facility: Skypoll, Sky Lounge, Skygym &amp; Spa For 2 Pax</li>
</ul>
<strong>Pakaian Akad By RickyIDM, Putri Pinang Masak 2, Topan S</strong>
<ul>
 	<li>Pakaian Akad Pengantin</li>
 	<li>Melati dan Sunting Pengantin Akad (Exc. Topan)</li>
 	<li>2 bh Songket Ibu Akad</li>
 	<li>2 bh Pakaian Rumpak Tanjak Bapak Akad</li>
</ul>
<strong>Pakaian Resepsi By RickyIDM, Putri Pinang Masak 2, Topan S</strong>
<ul>
 	<li>Pakaian Resepsi  Pengantin</li>
 	<li>Melati dan Sunting Pengantin Resepsi (Exc. Topan)</li>
 	<li>2 bh Songket Ibu</li>
 	<li>2 bh Pakaian Rumpak Tanjak Bapak Resepsi</li>
</ul>
<strong>Dokumentasi By </strong><b>Lenza/Ink/On Clay/Luxury</b>
<ul>
 	<li>Photograpfer and Videographer akad resepsi</li>
</ul>
<strong>Tata Rias Akad dan Resepsi </strong>
<ul>
 	<li>Tata Rias Pengantin Akad dan Retouch Resepsi By MakeupxVini, Ciqarizka, Indah Ashaa, Shanty N</li>
 	<li>Tata Rias Ibu Pengantin 2 Org By Team MUA</li>
</ul>
<strong>Hiburan</strong>
<ul>
 	<li>2 Tarian persembahan dan kreasi</li>
 	<li>MC Resepsi 2 org</li>
 	<li>Full band + singer by Soulmate, Frazky, Forte</li>
</ul>
<strong>Lain - Lain</strong>
<ul>
 	<li>Wedding Planner &amp; Organizer</li>
 	<li>20 item hantaran + 1 box cincin by Bilbo, formysonhantaran</li>
 	<li>Henna by Ulie ag, Lalazahenna</li>
 	<li>Lulur Tangas</li>
</ul>
<strong>Updated for 2026 by Fr</strong>",339000000,1000,25000000
Makna Wedding & Event Planner,Paket Lengkap,SWARNA DWIPA_500 PAX,"<strong>Fasilitas</strong>
<ul>
 	<li>Penggunaan Ballroom</li>
 	<li>Soundsystem</li>
 	<li>Kursi 800</li>
 	<li>Ruangan vip</li>
 	<li>Tenda 6 unit</li>
 	<li>Small Band</li>
</ul>
<strong>Catering by hj nila, diraniga</strong>
<ul>
 	<li>800 pax</li>
 	<li>Lauk ayam ikan daging</li>
</ul>
<strong>DOKUMENTASI By Java Photo / Luminore / Lenza / Arsa</strong>
<ul>
 	<li>Photographer &amp; Video Shooting Akad dan Resepsi</li>
</ul>
<strong>Resepsi</strong>
<ul>
 	<li>Dekorasi Pelaminan Resepsi by Simplyline Decoration</li>
 	<li>Pakaian Pengantin Resepsi By IDM, Topan Sapta, Putri Pinang Masak 2</li>
 	<li>Melati Pengantin + Sunting Resepsi (exc. Topan S)</li>
 	<li>2 bh Songket Ibu</li>
 	<li>2 bh Pakaian Rumpak Tanjak Bapak Resepsi</li>
 	<li>MC Resepsi 2 orang</li>
</ul>
<strong>Akad</strong>
<ul>
 	<li>Pakaian Pengantin Akad By IDM, Topan Sapta, Putri Pinang Masak 2</li>
 	<li>Melati Pengantin + Sunting Resepsi (exc. Topan S)</li>
 	<li>2 bh Songket Ibu</li>
 	<li>2 bh Pakaian Rumpak Tanjak Bapak Resepsi</li>
 	<li>Proses Adat (Kandang Adat + Cacap Suap)</li>
 	<li>MC Akad Nikah</li>
</ul>
<strong>Tata Rias</strong>
<ul>
 	<li>Tata Rias Pengantin Resepsi  By Miao Miao, Ciqa Rizka, Indah Asyaa</li>
 	<li>Tata Rias Ibu Pengantin 2 Org Akad dan Resepsi  By Team MUA</li>
</ul>
<strong>Hiburan</strong>
<ul>
 	<li>Tari Persembahan &amp; Tari Kreasi</li>
</ul>
<strong>Lain - Lain</strong>
<ul>
 	<li>Henna by Nia Henna Art, Ulie AG, Lala Zahenna</li>
 	<li>20 Kotak Hantaran by Decor Story, Seadara, Bilbo</li>
 	<li>Lulur Tangas</li>
 	<li>Wedding Planner Akad dan Resepsi By Makna Wedding</li>
 	<li>Wedding Book</li>
</ul>
*belum termasuk sarapan akad

<strong>Updated for 2025</strong>",156000000,500,25000000
Makna Wedding & Event Planner,Paket Lengkap,NOVOTEL_CIATOK_600 PAX,"<strong>FASILITAS</strong>
<ol>
 	<li>1 kamar junior suite 1 malam (untuk pengantin)</li>
 	<li>4 kamar superior 1 malam (untuk keluarga)</li>
 	<li>Food testing untuk 8 orang</li>
 	<li>Penggunaan ballroom 4 jam</li>
 	<li>Listrik 10,000 watt</li>
 	<li>Penggunaan area hotel untuk prewedding hotel</li>
 	<li>1 LCD projector &amp; giant screen</li>
 	<li>Penggunaan meja dan kursi resepsionis</li>
 	<li>Gratis 4 buku tamu</li>
 	<li>Gratis 2 botol sparkling juice</li>
 	<li>Gratis penggunaan ruangan VIP transit</li>
 	<li>Gratis 20 voucher parkir</li>
 	<li>Menu Ciatok 600 Pax</li>
</ol>
<strong>Dokumentasi By Lenza, Clay, Luxury, Ink</strong>

Photographer &amp; Video Shooting Akad dan Resepsi

<strong>Resepsi</strong>
<ol>
 	<li>Pelaminan Resepsi By Harvest, Pinang Masak II, Naraya, Hj. Nila</li>
 	<li>Pakaian Resepsi By IDM, PPM II, Topan Sapta</li>
 	<li>Melati dan sunting Pengantin Resepsi</li>
 	<li>2 bh Songket Ibu</li>
 	<li>2 bh Pakaian Rumpak Tanjak Bapak Resepsi</li>
</ol>
<strong>Akad</strong>
<ol>
 	<li>Pakaian Akad By IDM, PPM II, Topan Sapta</li>
 	<li>Melati dan Sunting Pengantin Akad</li>
 	<li>2 bh Songket Ibu Akad</li>
 	<li>2 bh Pakaian Rumpak Tanjak Bapak Akad</li>
 	<li>Pelaminan Akad By Harvest, Pinang Masak II, Naraya, Hj. Nila</li>
 	<li>Hias Kamar Pengantin</li>
</ol>
<strong>Tata Rias</strong>
<ol>
 	<li>MUA Akad dan Resepsi By Shanty Nugraha, Ciqa Rizka, Miao Miao, Vini, Indah Ashaa</li>
 	<li>Tata Rias Ibu Pengantin 2 Org Akad dan Resepsi  By Team</li>
</ol>
<strong>Hiburan</strong>
<ol>
 	<li>Tari Persembahan &amp; Tari Kreasi</li>
 	<li>Band + Singer by Soulmate, Frazky, Forte</li>
 	<li>2 Org MC resepsi</li>
 	<li>1 orng MC Akad</li>
</ol>
<strong>Lain - Lain</strong>
<ol>
 	<li>Wedding Planner Akad dan Resepsi By Makna Wedding</li>
 	<li>Wedding Book By Makna Wedding</li>
 	<li>Lulur, Tangas</li>
 	<li>Hena By Ulie Ag, Lala Zahena</li>
 	<li>Hantaran By The Kayoe, Seadara, Bilbo, formysonhantaran</li>
 	<li>Prosesi Cacap Suap</li>
</ol>

<strong>UPDATE 30/04/25 by Fj</strong>",540950000,600,25000000
Makna Wedding & Event Planner,Paket Lengkap,RAJAWALI BALLROOM_CIATO_600 PAX,"<strong>FASILITAS RUBY PACKAGE</strong>
<ol>
 	<li>1 Junior Suite Room &amp; welcome fruits for 1 night at Classie Hotel including breakfast for 2 persons ""(change option 2 Deluxe Rooms if Suite Room is not available)”</li>
 	<li>2 Deluxe Rooms for 1 night at Classie Hotel including breakfast for 2 persons</li>
 	<li>2 Premier Rooms for 1 night at Classie Hotel Including breakfast for 2 people</li>
 	<li>Decoration</li>
</ol>
<ul>
 	<li>Front Desks, Ang Pao Boxes ( loan ) &amp; Guest Books</li>
 	<li>Standing Photos</li>
 	<li>Wedding Gates</li>
 	<li>Red Carpet</li>
 	<li>Standing Flower Decorations</li>
 	<li>Wedding Stage Decoration by Exotica Decoration</li>
 	<li>Photobooth Decoration</li>
</ul>
<ol>
 	<li>2 Projector with Giant Screen 4x3m</li>
 	<li>2 Projectors 5.100 Lumens with Giant Screen 4 x 3m</li>
 	<li>Singer &amp; Solo Keyboard Player</li>
 	<li>Sound System &amp; Microphones</li>
 	<li>Standard Lighting</li>
 	<li>LED Strip Cealing Lamp</li>
 	<li>Family VIP Room</li>
 	<li>Special Food Parade Performance</li>
 	<li>Full Band</li>
 	<li>Wedding Cake</li>
 	<li>4pcs Confetti</li>
 	<li>Complimentary family’s meal for 10 persons ( During Event )</li>
 	<li>Complimentary 8 VIP parking spaces for family’s car &amp; 100 free parking tickets at Pujasera</li>
 	<li>Complimentary of using Hotel &amp; Rajawali venue for pre wedding photos</li>
 	<li>Free Tea Ceremony (including tea set)</li>
 	<li>Food testing for 10Pax</li>
 	<li>Extra time 30 minutes (before and after event)</li>
 	<li>Complimentary 2 bottles of soft drink for wedding toast (30cups)</li>
 	<li>Complimentary a pyramid glass arrngement with 2 bottles of sparkling juice</li>
 	<li>Choose 1 Complimentary :</li>
</ol>
<ul>
 	<li>Flight Voucher</li>
 	<li>Additional 50 Pax or</li>
 	<li>LED Screen Videotron 4x3m or</li>
 	<li>Additional 10 Rooms and including breakfast for 1 night (5 Premier &amp; 5 Deluxe)</li>
</ul>
<strong>Hiburan</strong>
<ol>
 	<li>Tari Persembahan &amp; Tari Kreasi</li>
 	<li>Mc Resepsi (1 pasang)</li>
 	<li>Mc Akad (1 orang)</li>
 	<li>Prosesi Kandang Adat + Cacap Suap + Mc + Perlengkapan Cacap Suap</li>
 	<li>Full Band By Soulmate, Frazky, Forte</li>
</ol>
<strong>Akad</strong>
<ol>
 	<li>Pakaian Akad By IDM, Topan Sapta, PPM 2</li>
 	<li>Melati + Sunting (Exc. Topan)</li>
 	<li>2 bh Songket Ibu Akad</li>
 	<li>2 bh Pakaian Rumpak Tanjak Bapak Akad</li>
 	<li>Pelaminan Akad By Naraya, Harvest (acara di rumah)</li>
</ol>
<strong>Resepsi</strong>
<ol>
 	<li>Pakaian Resepsi By IDM, Topan Sapta, PPM 2</li>
 	<li>Melati + Sunting (Exc. Topan)</li>
 	<li>2 bh Songket Ibu</li>
 	<li>2 bh Pakaian Rumpak Tanjak Bapak Resepsi</li>
 	<li>1 Rangkai Bucket Bunga</li>
</ol>
<strong>Dokumentasi Photographer &amp; Video Shooting Akad dan Resepsi By Lenza / Ink / Luxury / Clay (Unfailling)</strong>

Photographer &amp; Video Shooting Akad dan Resepsi

<strong>Tata Rias</strong>
<ol>
 	<li>Tata Rias Pengantin Akad dan Resepsi By Santi N, Miao, Ciqa, Indah Asha, Vini</li>
 	<li>Tata Rias Ibu Pengantin 2 Org Akad dan Resepsi By Team</li>
</ol>
<strong>Lain – Lain</strong>
<ol>
 	<li>Wedding Planner Akad dan Resepsi By Makna Wedding</li>
 	<li>2 kamar hotel 1 malam</li>
 	<li>Hantaran 10 Acrilic, 10 Rotan</li>
 	<li>Henna by Lalazahenna, Ulie AG</li>
 	<li>Lulur tangas</li>
 	<li>Free 2 Org Penerima Meja Tamu</li>
</ol>",380000000,600,25000000
Makna Wedding & Event Planner,Paket Lengkap,SOMA_CIATO_600 PAX,"<strong>FASILITAS </strong>
<ol>
 	<li>Venue with setting arrangement ( 3 hall )</li>
 	<li>7 special ciato menu</li>
 	<li>Standart decoration SoMa</li>
 	<li>Photobooth decoration</li>
 	<li>angpao box &amp; guest book</li>
 	<li>digital signage</li>
 	<li>OLED TV wall</li>
 	<li>JBL concert series sound system &amp; wireless microphones</li>
 	<li>electricity usage free 10.000 for max. 3-4 hours</li>
 	<li>VIP room ( waiting bridal room &amp; tea pai room )</li>
 	<li>Tower wine ( wine by klien )</li>
 	<li>food tasting for 10 persons</li>
 	<li>wedding car ( toyota alpahrd ) plus dekor &amp; driver</li>
 	<li>music entertainment : full band &amp; singer - Frazky project/ Forte Entertainment/ Grande/ High Five</li>
 	<li>Free VIP room untuk sangjit - di weekdays, room arkamaya 1-2 (room only)</li>
</ol>
<strong>Dokumentasi By Clay (Unfailling) / Ink / Luxury / Lenza (1 Hari)    </strong>

Photographer &amp; Video Shooting Akad dan Resepsi

<strong>Akad  </strong>
<ol>
 	<li>Pakaian Akad By IDM, Iin Ellegance, Niko C, Rumah Limas</li>
 	<li>Melati Pengantin Akad</li>
 	<li>2 bh Songket Ibu Akad</li>
 	<li>2 bh Pakaian Rumpak Tanjak Bapak Akad</li>
 	<li>Pelaminan Akad</li>
</ol>
<strong>Resepsi</strong>
<ol>
 	<li>Pakaian Resepsi By IDM, Iin Ellegance, Niko C, Rumah Limas</li>
 	<li>Melati Pengantin Resepsi</li>
 	<li>2 bh Songket Ibu</li>
 	<li>2 bh Pakaian Rumpak Tanjak Bapak ResepsI</li>
</ol>
<strong>Tata Rias     </strong>
<ol>
 	<li>Tata Rias Pengantin Akad dan Resepsi  By Miao Miao, Ciqa Rizka, Vini</li>
 	<li>Tata Rias Ibu Pengantin 2 Org Akad dan Resepsi  By Team</li>
</ol>
<strong>Hiburan               </strong>
<ol>
 	<li>Tari Persembahan &amp; Tari Kreasi</li>
 	<li>1 MC akad</li>
 	<li>1 MC Resepsi</li>
</ol>
<strong>Lain - Lain  </strong>
<ol>
 	<li>2 Kamar hotel 1 malam</li>
 	<li>Hantaran 10 Akrilik, 10 Rotan dan Kotak Emas Kawin</li>
 	<li>Wedding Planner Akad dan Resepsi By Makna Wedding</li>
 	<li>Wedding Book</li>
 	<li>Lulur, Tangas</li>
 	<li>Henna</li>
</ol>",317500000,600,25000000
Makna Wedding & Event Planner,Paket Lengkap,HOTEL CLASSIE_AKAD_100 PAX,"<strong>FASILITAS </strong>
<ul>
 	<li>Pemakaian ruangan max 3 jam</li>
 	<li>Full private</li>
 	<li>Sistem prasmanan (Tempat Khusus)</li>
 	<li>Standard Sound System + Mic</li>
 	<li>Buffet Menu 100 pax (2 pilihan utama, 1 kuah, 1 sayur, nasi putih, irisan buah, kemplang, sambal, acar, air mineral)</li>
 	<li>Free 1 premier room 1 malam</li>
</ul>
<strong>Busana Akad</strong>
<ul>
 	<li>Pakaian Akad Sunting dan Melati Pengantin Akad by PPM II, IDM, Topan (excl. Sunting)</li>
 	<li>2 bh Songket Ibu</li>
 	<li>2 bh Pakaian Rumpak Tanjak Bapak Akad</li>
 	<li>4 bh Pakaian Rumpak Tanjak Keluarga Akad</li>
</ul>
<strong>Dekorasi</strong>
<ul>
 	<li>Dekorasi Pelaminan Akad by Hj. Nila, PPM 2, Naraya</li>
</ul>
<strong>Photographer &amp; Video Shooting Akad </strong><strong>By Java Photo / Luminore / Lenza Photo</strong>
<ul>
 	<li>2 Fotografer &amp; 1 Videografer</li>
 	<li>Liputan Foto Video Akad</li>
 	<li>Wedding Clip 1 Menit</li>
 	<li>1 Album Kolase 20x30 15 Sheet + Box Standart</li>
 	<li>All Files Via Online Drive</li>
</ul>
<strong>Tata Rias By Miaomakeup, Ciqarizka, Vini, indahashaa</strong>
<ul>
 	<li>Tata Rias Pengantin</li>
 	<li>Tata Rias Ibu Pengantin 2 Org</li>
</ul>
<strong>Lain – Lain</strong>
<ul>
 	<li>MC (1 Org)</li>
 	<li>20 Keranjang Hantaran Seadara, Bilbo, The Kayoe</li>
 	<li>Lulur &amp; Tangas By Idha Home Spa</li>
 	<li>Henna by Ulie Ag, Lalaza Henna</li>
 	<li>Wedding Planner + Organizer</li>
</ul>
Updated by Hera for 2024",60000000,100,25000000
Makna Wedding & Event Planner,Paket Lengkap,SOMA_600 PAX,"<strong>FASILITAS GEDUNG</strong>
<ol>
 	<li>10 Menu Buffet (6 Menu Buffet &amp; 4 Stall)</li>
 	<li>1 Junior Suite Room &amp; 3 Superior room</li>
 	<li>Wedding Decoration SoMa (Stage, Gate &amp; Standing Flowers)</li>
 	<li>Photobooth Decoration with initial name</li>
 	<li>Listrik 10.000 Untuk 4 Jam (Pemakaian Diatas 10.000 watt, Akad Dikenakan Charge)</li>
 	<li>Giant Screen Projector &amp; JBL Concert Series Sound System &amp; Wireless Microphone</li>
 	<li>OLED TV wall</li>
 	<li>Digital Signage (Standing Photo For Prewedding Photograpy)</li>
 	<li>Reception Table with 4 Angpao Box &amp; Guest Book</li>
 	<li>VIP Room (Bridal Room dan Transit Family Room)</li>
 	<li>VIP Waiting Bridal Room</li>
 	<li>Wedding Car (Alphard) + Decor And Driver</li>
 	<li>Shuttle Bus : (Hi-Ace) Plus Driver (16 Seater) (radius 3 km, 2 kali penjemputan)</li>
 	<li>Terdapat Test Food Untuk 10 Orang</li>
 	<li>Music Entertainment: Full Band + 1 singer + saxophone</li>
 	<li>Voucher MC (1)</li>
</ol>
<strong>DOKUMENTASI by </strong><strong>On Clay/Luxury/Ink/Lenza/Arsa</strong>
<ul>
 	<li>Photographer &amp; Video Shooting Akad dan Resepsi</li>
</ul>
<strong>RESEPSI</strong>
<ol>
 	<li>Pakaian Resepsi By IDM, PPM II, Topan Sapta</li>
 	<li>Sunting + Melati Pengantin Resepsi (Exclude Topan S)</li>
 	<li>2 bh Songket Ibu</li>
 	<li>2 bh Pakaian Rumpak Tanjak Bapak Resepsi</li>
</ol>
<strong>AKAD</strong>
<ol>
 	<li>Pakaian Akad By IDM, PPM II, Topan Sapta</li>
 	<li>Sunting + Melati Pengantin Akad (Exclude Topan S)</li>
 	<li>2 bh Songket Ibu Akad</li>
 	<li>2 bh Pakaian Rumpak Tanjak Bapak Akad</li>
</ol>
<strong>TATA RIAS</strong>
<ol>
 	<li>Tata Rias Pengantin Akad dan Resepsi  By Miao Miao, Ciqa Rizka, Vini, ciciknia, Shanty N (1 Hari)</li>
 	<li>Tata Rias Ibu Pengantin 2 Org Akad dan Resepsi  By Team</li>
</ol>
<strong>HIBURAN</strong>
<ol>
 	<li>Tari Persembahan &amp; Tari Kreasi</li>
 	<li>2 Org MC Resepsi</li>
 	<li>1 org MC Akad</li>
</ol>
<strong>LAIN - LAIN</strong>
<ol>
 	<li>Free 2 Kamar Hotel 1 Malam</li>
 	<li>Hantaran 10 Akrilik, 10 Rotan dan Kotak Emas Kawin by Bilbo, Formysons</li>
 	<li>Lulur, Tangas by Idha Home Spa</li>
 	<li>Henna by Lala Zahenna, Ulie AG, Viarthenna</li>
 	<li>Wedding Planner Akad dan Resepsi By Makna Wedding</li>
 	<li>Wedding Book</li>
</ol>
<strong>Note:</strong> Sudah termasuk charge akad &amp; sarapan akad 100 pax

<em><strong>Updated for 2026 by RN
</strong></em>",263000000,600,25000000
Makna Wedding & Event Planner,Paket Lengkap,HOTEL SANTIKA PREMIERE BANDARA AKAD_50 PAX,"<strong>Fasilitas </strong>
<ol>
 	<li>9 Pilihan Menu Terdiri Dari :</li>
</ol>
<ul>
 	<li>1 Soup</li>
 	<li>5 Main Course</li>
 	<li>1 Pilihan Menu Pendamping</li>
 	<li>2 Pilihan Dessert</li>
</ul>
<ol start=""2"">
 	<li>Flow Air Mineral</li>
 	<li>Penggunaan Ruangan Selama 4 Jam</li>
 	<li>Set Sound System + Mic Wireless ( Maximum Pemakaian Listrik 5000 Watt )</li>
 	<li>Set Up Standar Stage Untuk Indoor Venue</li>
 	<li>Set Up Kursi Tamu Dan Meja Kursi Akad Tanpa Dekor</li>
 	<li>Harga Kamar Khusus Untuk Penambahan Pemesanan Kamar</li>
</ol>
<strong>Dokumentasi By Lenza, Java, Luminore</strong>
<ol>
 	<li>2 Fotografer &amp; 1 Videografer</li>
 	<li>Liputan Foto Video Akad</li>
 	<li>Wedding Clip 1 Menit</li>
 	<li>1 Album Kolase 20x30 15 Sheet + Box Standart</li>
 	<li>All Files Via Online Drive</li>
</ol>
<strong>Pakaian Akad By IDM, Topan, Putri Pinang Masak 2</strong>
<ol>
 	<li>Pakaian Akad Pengantin</li>
 	<li>Melati Dan Sunting Pengantin Akad ( Exc. Topan )</li>
 	<li>2 Bh Songket Ibu Akad</li>
 	<li>2 Bh Pakaian Rumpak Tanjak Bapak Akad</li>
</ol>
<strong>Dekorasi By Naraya, HJ Nila, PPM 2</strong>
<ol>
 	<li>Dekorasi Pelaminan Akad Nikah Bunga Artificial</li>
 	<li>Backdrop 5x3 M</li>
 	<li>Meja Kursi Akad</li>
 	<li>Welcome Sign</li>
</ol>
<strong>Hiburan</strong>
<ol>
 	<li>MC Akad 1 Orang</li>
 	<li>Keyboard &amp; Singer</li>
</ol>
<strong>Tata Rias</strong>
<ol>
 	<li>Tata Rias Pengantin Akad By Ciqa, Indah Asyha, Vini, Dina, Shanty N</li>
 	<li>Tata Rias Ibu Pengantin Akad 2 Org</li>
</ol>
<strong>Lain - Lain </strong>
<ol>
 	<li>Prosesi Adat ( Kandang Adat + Cacap Suap )</li>
 	<li>WO Akad by Makna Wedding</li>
 	<li>20 Kotak Hantaran, 1 Kotak Emas Kawin Dan Free Hias by The Kayoe, Seadara, Bilbo</li>
 	<li>Henna By Nia Henna Art, Ulie, Lala Zahenna</li>
 	<li>Lulur Tangas by Idha Home Spa</li>
</ol>",72000000,50,25000000
Makna Wedding & Event Planner,Paket Lengkap,HOTEL HARPER PALEMBANG_800PAX,"<strong>FASILITAS</strong>
<ol>
 	<li>Buffet Menu Resepsi 800 Pax</li>
 	<li>Sarapan Akad 100 Pax</li>
 	<li>1 Premiere Room 1 Night</li>
 	<li>3 Deluxe Room 1 Night</li>
 	<li>Grand Ballroom For 4 Hours</li>
 	<li>Electricity Usage Up To 10.000 Watts</li>
 	<li>Standard Sound System</li>
 	<li>Food Tasting For 6 Persons</li>
 	<li>Free Usage Of Giant Screen And Lcd Projector</li>
 	<li>VIP Room For Family</li>
 	<li>Special Price For Additional Room</li>
</ol>
<strong>AKAD</strong>
<ol>
 	<li>Pakaian Akad By Pinang Masak / IDM / Topan Sapta</li>
 	<li>Pakaian Akad, Sunting, Melati (exc. Topan Sapta)</li>
 	<li>2 bh Songket Ibu Akad</li>
 	<li>2 bh Pakaian Rumpak Tanjak Bapak Akad</li>
</ol>
<strong>RESEPSI</strong>
<ol>
 	<li>Pakaian Resepsi By Pinang Masak / IDM / Topan Sapta</li>
 	<li>Pakaian Resepsi, Sunting, Melati (exc. Topan Sapta)</li>
 	<li>2 bh Songket Ibu</li>
 	<li>2 bh Pakaian Rumpak Tanjak Bapak Resepsi</li>
</ol>
<strong>MUA</strong>
<ol>
 	<li>Tata Rias Pengantin Akad Resepsi By Miao / Ciqa R / Vini / Indah Asha / yuki pratiwi</li>
 	<li>Tata Rias Ibu Pengantin 2 Org Akad Resepsi</li>
</ol>
<strong>Dekorasi</strong>
<ol>
 	<li>Pelaminan Resepsi By PPM2, Naraya, Ilook, Simplyline, F2K/Formson, Hj Nila Project, Anjar Wedding, Succes</li>
 	<li>Mini Garden</li>
 	<li>Dekor Fotobooth</li>
 	<li>Standing Flower</li>
 	<li>Meja Kotak Angpao</li>
 	<li>Meja Kursi Akad</li>
</ol>
<strong>Dokumentasi By Lenza / On Clay / Luxury </strong>
<ol>
 	<li>Photographer &amp; Video Shooting Akad dan Resepsi</li>
</ol>
<strong>HIBURAN</strong>
<ol>
 	<li>Tari Persembahan &amp; Tari Kreasi</li>
 	<li>MC Resepsi 2 orang</li>
 	<li>MC Akad 1 orang</li>
 	<li>Full Band dan Soundman by Soulmate/ Frazky/ Fortee</li>
</ol>
<strong>LAIN LAIN</strong>
<ol>
 	<li>Hantaran 20 Buah By Bilbo, formysonhantaran</li>
 	<li>Lulur Tangas Perawatan Pengantin</li>
 	<li>Henna By Ulie AG / Lala Zahena / Viarthenna</li>
 	<li>Wo Akad dan Resepsi</li>
</ol>
<strong>UPDATED FOR 2026 BY FR</strong>",284000000,800,25000000
Makna Wedding & Event Planner,Paket Lengkap,THE ALTS HOTEL_350 PAX,"<strong>Fasilitas</strong>
<ol>
 	<li>Free usage ballroom 4 hours</li>
 	<li>Event Venue at Grandballroom &amp; Teratai 1-5 (based on pax)</li>
 	<li>Include menu buffet</li>
 	<li>Free Use Screen and Projector</li>
 	<li>Free Premium Quality Sound System Maximum 5000 Watt</li>
 	<li>Special Room Rate for Additional Room</li>
 	<li>Compliment one junior suite ( 1 night ) with breakfast</li>
 	<li>Compliment Two Superior room ( 1 night ) with breakfast</li>
 	<li>Two wedding guest book</li>
 	<li>Free prewedding photoshoot at hotel</li>
 	<li>Vip parking for 5 car</li>
 	<li>Free Vip room (transit room)</li>
 	<li>Free Fruit basket brides room</li>
</ol>
<strong>DEKORASI </strong>
<ol>
 	<li>Stage and Standard Decoration by harvest decoration, succes decoration</li>
</ol>
<p><strong>DOKUMENTASI by Lenza / OnClay /ink / luxury</strong></p>
Dokumentasi Akad Resepsi (1Hari)
<p><strong>PAKAIAN AKAD</strong></p>

<ol>
 	<li>Pakaian Akad By Pinang Masak / IDM / Topan Sapta</li>
 	<li>Pakaian Akad, Sunting, Melati (exc. Topan S)</li>
 	<li>2 bh Songket Ibu Akad</li>
 	<li>2 bh Pakaian Rumpak Tanjak Bapak Akad</li>
</ol>
<p><strong>PAKAIAN RESEPSI</strong></p>

<ol>
 	<li>Pakaian Resepsi By Pinang Masak / IDM / Topan Sapta</li>
 	<li>Pakaian Resepsi, Sunting, Melati (exc. Topan S)</li>
 	<li>2 bh Songket Ibu</li>
 	<li>2 bh Pakaian Rumpak Tanjak Bapak Resepsi</li>
</ol>
<p><strong>MUA</strong></p>

<ol>
 	<li>Tata Rias Pengantin Akad Resepsi By Ciciknia / Ciqa R / Vini / Indah Asha / shanty n (1 hari)</li>
 	<li>Tata Rias Ibu Pengantin 2 Org Akad Resepsi</li>
</ol>
<p><strong>HIBURAN</strong></p>

<ol>
 	<li>Tari Persembahan &amp; Tari Kreasi</li>
 	<li>Sound system+Full Band by soulmate, frazky</li>
 	<li>MC 2 orang Resepsi</li>
 	<li>MC 1 Orang Akad</li>
</ol>
<strong>LAIN LAIN</strong>
<ol>
 	<li>Hantaran 20 Buah By Bilbo, formysonhantaran</li>
 	<li>Lulur Tangas Perawatan Pengantin</li>
 	<li>Henna By Ulie AG / Lala Zahena / Viartj=henna</li>
 	<li>WO Akad dan Resepsi</li>
 	<li>Wedding book</li>
 	<li>2 orang penerima tamu</li>
</ol>
<strong>Updated 2025 by RN</strong>",157500000,350,25000000
Makna Wedding & Event Planner,Paket Lengkap,KEBON GEDE ANGGREK 1000 PAX,"<strong>Fasilitas:</strong>
<ol>
 	<li>Pemakaian Venue Selama 6 jam</li>
 	<li>Meja penerima tamu</li>
 	<li>1 Portable Screen &amp; LCD Projector</li>
 	<li>Sound system 10.000 watt</li>
 	<li>3 Mic Wireless + 1 Kabel</li>
 	<li>Ruang Tunggu Keluarga</li>
 	<li>Ruang Make Up Pengantin</li>
 	<li>Free Parking Area</li>
 	<li>Free 15 Unit Bangku Taman</li>
 	<li>Free Menginap 1 Malam di guest house KGV ( 2 Kamar)</li>
 	<li>Free Full Lighting</li>
</ol>
<p> <strong>Catering By Hj Nila / Diraniga</strong></p>

<ol>
 	<li>Prasmanan Resepsi ayam, ikan, daging 1000 Porsi</li>
 	<li>Sarapan Akad 100 Porsi</li>
</ol>
<strong>Dokumentasi By Lenza 1 Hari/Java/Luminore/Ink</strong>

Photographer &amp; Video Shooting Akad dan Resepsi

<strong>Akad</strong>
<ol>
 	<li>Pakaian Akad By Putri Pinang Masak II, IDM, Topan Sapta</li>
 	<li>Melati Pengantin Akad</li>
 	<li>2 bh Songket Ibu Akad</li>
 	<li>2 bh Pakaian Rumpak Tanjak Bapak Akad</li>
</ol>
<p><strong>Resepsi</strong></p>

<ol>
 	<li>Pelaminan Resepsi By Succes wedding, Simplyline decoration</li>
 	<li>Pakaian Resepsi By Putri Pinang Masak II, IDM, Topan Sapta</li>
 	<li>Melati Pengantin Resepsi</li>
 	<li>2 bh Songket Ibu</li>
 	<li>2 bh Pakaian Rumpak Tanjak Bapak Resepsi</li>
</ol>
<strong>MUA</strong>
<ol>
 	<li>Tata Rias Pengantin Akad dan Resepsi by Ciqa/ Makeupxvini/ Yuki Pratiwi/ Emmacipid/ Dina Yustyana</li>
 	<li>Tata Rias Ibu Pengantin 2 Org Akad dan Resepsi</li>
</ol>
<p><strong>Hiburan</strong></p>

<ol>
 	<li>Tari Persembahan &amp; Tari Kreasi by Sanggar Rumah Elok</li>
 	<li>Band + Singer</li>
 	<li>2 Org MC resepsi</li>
 	<li>1 Org MC akad</li>
</ol>
<strong>Lain-Lain</strong>
<ol>
 	<li>Hantaran 10 Akrilik, 10 Rotan dan Kotak Emas Kawin</li>
 	<li>Lulur, Tangas</li>
 	<li>Henna by Lalazahenna, Ulie Ag</li>
 	<li>Wedding Planner Akad dan Resepsi</li>
</ol>
Updated for 2026 by FR",199000000,1000,25000000
Makna Wedding & Event Planner,Paket Lengkap,KEBON GEDE 800 PAX,"<strong>FASILITAS</strong>
<ul>
 	<li>Pemakaian Venue Selama 6 jam</li>
 	<li>Meja penerima tamu</li>
 	<li>1 Portable Screen &amp; LCD Projector</li>
 	<li>Sound system 10.000 watt</li>
 	<li>3 Mic Wireless + 1 Kabel</li>
 	<li>Ruang Tunggu Keluarga</li>
 	<li>Ruang Make Up Pengantin</li>
 	<li>Free Menginap 1 Malam di guest house KGV ( 2 Kamar)</li>
</ul>
<p><strong>Catering By diraniga, hj nila </strong></p>

<ul>
 	<li>Catering Resepsi 800 Porsi (ayam, ikan, daging)</li>
 	<li>Sarapan Akad 100 Porsi</li>
</ul>
<p><strong>Dokumentasi By Lenza 1 Hari/Java/Luminore    </strong></p>

<ul>
 	<li>Photographer &amp; Video Shooting Akad dan Resepsi</li>
</ul>
<p><strong>MUA</strong></p>

<ul>
 	<li>Tata Rias Pengantin Akad dan Resepsi by ciqarizka, makeupxvini/ Yuki pratiwi/ Emmacipid/ Dina Yustyana</li>
 	<li>Tata Rias Ibu Pengantin 2 Org</li>
</ul>
<p><strong>Attire Akad</strong> <strong>By Putri Pinang Masak II, IDM, Topan Sapta          </strong></p>

<ul>
 	<li>Pakaian Pengantin Akad</li>
 	<li>Sunting, Melati Pengantin Akad (exc. Topan S)</li>
 	<li>2 bh Songket Ibu Akad</li>
 	<li>2 bh Pakaian Rumpak Tanjak Bapak Akad</li>
</ul>
<strong>Attire Resepsi By Putri Pinang Masak II, IDM, Topan Sapta          </strong>
<ul>
 	<li>Pakaian Pengantin Resepsi</li>
 	<li>Sunting, Melati Pengantin Akad (exc. Topan S)</li>
 	<li>2 bh Songket Ibu</li>
 	<li>2 bh Pakaian Rumpak Tanjak Bapak Resepsi</li>
</ul>
<p><strong>Hiburan   </strong></p>

<ul>
 	<li>Tari Persembahan &amp; Tari Kreasi</li>
 	<li>Full Band + Singer</li>
 	<li>2 Org MC resepsi</li>
 	<li>1 Org MC Akad</li>
</ul>
<strong>Dekorasi   </strong>
<ul>
 	<li>Pelaminan by Succes/ Simplyline/ Harvest</li>
 	<li>Standing Flower</li>
 	<li>Mini Garden</li>
 	<li>Karpet Jalan</li>
 	<li>Meja Kursi Akad</li>
 	<li>Kotak Angpao</li>
</ul>
<p><strong>Lain - Lain</strong></p>

<ul>
 	<li>Hantaran 10 Akrilik, 10 Rotan dan Kotak Emas Kawin by Bilbo</li>
 	<li>Lulur, Tangas</li>
 	<li>Henna by lalazahenna, ulie ag, viarthenna</li>
 	<li>Wedding Book</li>
 	<li>Wedding Planner Akad dan Resepsi</li>
 	<li>2 Org Penerima Tamu</li>
</ul>
Updated for 2026 by FR",191200000,800,25000000
Makna Wedding & Event Planner,Paket Lengkap,GRAND ATYASA_500 PAX,"<strong>FASILITAS </strong>
<ul>
 	<li>Pemakaian ruangan max 5 jam</li>
 	<li>Ruang Makeup/Ruang Tunggu</li>
 	<li>Full private</li>
 	<li>Gratis Pemakaian Listrik</li>
 	<li>Sistem prasmanan (Tempat Khusus)</li>
 	<li>Standard Sound System + Mic</li>
 	<li>Buffet Menu 500 PAX</li>
</ul>
<strong>Busana Akad</strong>
<ul>
 	<li>Pakaian Akad Sunting dan Melati Pengantin Akad by PPM II, IDM, Topan (excl. Sunting)</li>
 	<li>2 bh Songket Ibu</li>
 	<li>2 bh Pakaian Rumpak Tanjak Bapak Akad</li>
 	<li>4 bh Pakaian Rumpak Tanjak Keluarga Akad</li>
</ul>
<strong>Dekorasi</strong>
<ul>
 	<li>Dekorasi Pelaminan Resepsi Standar</li>
 	<li>Gazebo</li>
 	<li>Standing Flower</li>
 	<li>Mini Garden</li>
 	<li>Karpet Jalan</li>
</ul>
<strong>Photographer &amp; Video Shooting Akad </strong><strong>By Java Photo / Luminore / Lenza Photo </strong>
<ul>
 	<li>2 Fotografer &amp; 1 Videografer</li>
 	<li>Liputan Foto Video Akad</li>
 	<li>Wedding Clip 1 Menit</li>
 	<li>1 Album Kolase 20x30 15 Sheet + Box Standart</li>
 	<li>All Files Via Online Drive</li>
</ul>
<strong>Tata Rias By Miaomakeup, Ciqarizka, Vini, indahashaa</strong>
<ul>
 	<li>Tata Rias Pengantin</li>
 	<li>Tata Rias Ibu Pengantin 2 Org</li>
</ul>
<strong>Lain – Lain</strong>
<ul>
 	<li>MC (1 Org)</li>
 	<li>Single Keyboard</li>
 	<li>20 Keranjang Hantaran Seadara, Bilbo, The Kayoe</li>
 	<li>Lulur &amp; Tangas By Idha Home Spa</li>
 	<li>Henna by Ulie Ag, Lalaza Henna</li>
 	<li>Wedding Planner + Organizer</li>
</ul>
*belum termasuk sarapan akad

UPDATE 2025 - FD",176750000,500,25000000
Makna Wedding & Event Planner,Paket Lengkap,AKAD SANTIKA PREMIER_300 PAX,"<strong>FASILITAS</strong>

<strong>Hidangan Pilihan</strong>
<ul>
 	<li>10 (sepuluh) pilihan menu prasmanan dengan 2 (dua) hidangan pembuka, 1 (satu) sup, 5 (lima) makanan utama, dan 2 (dua) hidangan penutup , 2 (dua) pilihan menu pondokan masing-masing @100 porsi (hotel's selection)</li>
 	<li>Soft Drink untuk 150 porsi</li>
 	<li>Food tasting untuk 6 orang</li>
 	<li>Penambahan porsi di harga Rp 250.000/orang</li>
</ul>
<strong>Perayaan Yang Berkesan</strong>
<ul>
 	<li>Penggunaan ballroom selama 4 jam</li>
 	<li>Ruang multiguna untuk ruang tunggu pengantin dan keluarga</li>
 	<li>Sound system (maksimum pemakaian listrik 10.000 watt)</li>
 	<li>2 (dua) unit LCD proyektor + layar ukuran 3 x 4 m</li>
 	<li>3 (tiga) buah buku tamu kualitas premium dan meja penerima tamu</li>
 	<li>Gratis 10 porsi coffee break untuk EO / WO selama technical meeting</li>
</ul>
<strong>Bagikan Kebahagiaan</strong>
<ul>
 	<li>2 (dua) kamar keluarga (Deluxe Room) untuk 1 (satu) malam</li>
 	<li>Harga kamar khusus untuk penambahan pemesanan kamar</li>
</ul>
<strong>Hanya Untuk Berdua</strong>
<ul>
 	<li>1 (satu) kamar pengantin (Executive Room) untuk 1 (satu) malam</li>
 	<li>Tempat foto pranikah di area umum hotel</li>
</ul>
<p><strong>Dekorasi  by Hj Nila, Naraya, PPM 2</strong></p>

<ul>
 	<li>Dekorasi Akad</li>
 	<li>Meja Kursi Akad</li>
</ul>
<p><strong>Pakaian Akad Nikah by IDM, PPM II, Topan S</strong></p>

<ul>
 	<li>Pakaian Pengantin</li>
 	<li>2 Songket Ibu</li>
 	<li>2 Beskap Rumpak Tanjak Bapak</li>
</ul>
<p><strong>Dokumentasi by Lenza, On Clay, Luxury</strong></p>

<ul>
 	<li>Photographer &amp; Videographer Akad</li>
</ul>
<p><strong>MUA </strong></p>

<ul>
 	<li>Makeup Pengantin Akad by Ciqarizka, dina y, vini, yuki, indah asha, ciciknia</li>
 	<li>Makeup 2 Mama by Team</li>
</ul>
<p><strong>Lain lain</strong></p>

<ul>
 	<li>1 Keyboard + Singer</li>
 	<li>1 Org MC Akad</li>
 	<li>Henna by Lalazahenna, Ulie Ag</li>
 	<li>Lulur Tangas</li>
 	<li>Kotak seserahan 10 akrilik, 10 rotan by Bilbo, formysonhantaran</li>
 	<li>WO Akad</li>
</ul>
<strong>Update for 2024 by Hera</strong>",145500000,300,25000000
Makna Wedding & Event Planner,Paket Lengkap,BESTON HOTEL_500 PAX,"<strong>Fasilitas</strong>
<ol>
 	<li>Wedding Stage Decoration &amp; Lighting</li>
 	<li>Gazebo, Mini Garden, Standing Flower, Melaminto Jalan, Foyer Decoration</li>
 	<li>Include Standard Lighting</li>
 	<li>12 Buffet Menu (2 Appetizer, 1 Soup, 1 Salad Bar, 6 Main Course, 2 Dessert)</li>
 	<li>Free 2 stall @100 Portion</li>
 	<li>1 Junior Suite Room for 1 Night</li>
 	<li>6 Deluxe Rooms for 1 Night</li>
 	<li>Wedding Cake</li>
 	<li>⁠Wedding Car</li>
 	<li>Keyboard Player and Singer</li>
 	<li>Master of Ceremony (MC) Voucher</li>
 	<li>Food Testing for 10 persons</li>
 	<li>Standard Sound System</li>
 	<li>2 LCD Projector and Giant</li>
 	<li>Glass Pyramid Wedding Toast with Free 2 Bottles of Sparkling Juice</li>
 	<li>Teapai with Free Decoration</li>
 	<li>Family Waiting Room</li>
 	<li>Coffee Break for Technical Meeting</li>
 	<li>Reception Table and Angpao Box</li>
 	<li>3 Guest Books and Pens</li>
 	<li>Ballroom Usage for 3 hours</li>
 	<li>Electricity Usage up to 10,000 Watts</li>
 	<li>5 VIP Parking</li>
 	<li>Pre-wedding Photo Venue a Hotel</li>
 	<li>Special Rate for Additional Rooms</li>
 	<li>Special Price for Akad/ Sangjit</li>
</ol>
<p><strong>Akad</strong></p>

<ol>
 	<li>Pelaminan Akad By PPM 2/naraya/hj nila</li>
 	<li>Hias Kamar Pengantin By PPM 2/naraya/hj nila</li>
 	<li>Pakaian Akad By IDM, PPM 2, Topan S</li>
 	<li>Melati Pengantin Akad + Sunting (Exc. Topan S)</li>
 	<li>2 bh Songket Ibu Akad</li>
 	<li>2 bh Pakaian Rumpak Tanjak Bapak Akad</li>
</ol>
<p><strong>Resepsi</strong></p>

<ol>
 	<li>Pakaian Resepsi By IDM, PPM2, Topan S</li>
 	<li>Melati Pengantin Resepsi + Sunting (Exc. Topan S)</li>
 	<li>2 bh Songket Ibu</li>
 	<li>2 bh Pakaian Rumpak Tanjak Bapak Resepsi</li>
</ol>
<p><strong>Dokumentasi By Arsa, ink, Lenza (1 hari)</strong></p>

<ol>
 	<li>Photographer &amp; Video Shooting Akad dan Resepsi</li>
</ol>
<p><strong>Tata Rias By Miao Miao / Santi N / Ciqa R / Indah Asyha /yuki /ciciknia</strong></p>

<ol>
 	<li>Tata Rias Pengantin Akad Resepsi</li>
 	<li>Tata Rias Ibu Pengantin 2 Org Akad Resepsi</li>
</ol>
<p><strong>Hiburan</strong></p>

<ol>
 	<li>Full Band By soulmate, frazky</li>
 	<li>Tari Pembuka dan Kreasi</li>
 	<li>Mc Resepsi (2 org)</li>
 	<li>Mc Akad (1 Org)</li>
</ol>
<strong>Lain Lain</strong>
<ol>
 	<li>Hias Hantaran 10 Akrilik, 10 Rotan dan Kotak Emas Kawin by formysonhantaran, Bilbo</li>
 	<li>Lulur Tangas</li>
 	<li>Henna by lalazahenna, Ulie Ag</li>
 	<li>Wedding Planner Akad dan Resepsi</li>
 	<li>Wedding Book</li>
 	<li>2 Org Penerima Tamu</li>
</ol>",204000000,500,25000000
Makna Wedding & Event Planner,Paket Lengkap,BESTON HOTEL_800 PAX,"<strong>FASILITAS</strong>
<ul>
 	<li>Wedding Stage Decoration &amp; Lighting</li>
 	<li>Gazebo, Mini Garden, Standing Flower, Melaminto Jalan, Foyer Decoration</li>
 	<li>Include Standard Lighting</li>
 	<li>12 Buffet Menu (2 Appetizer, 1 Soup,</li>
 	<li>1 Salad Bar, 6 Main Course, 2 Dessert)</li>
 	<li>Free 4 stall @100 Portion</li>
 	<li>1 Junior Suite Room for 2 Nights</li>
 	<li>8 Deluxe Rooms for 1 Night</li>
 	<li>Wedding Cake</li>
 	<li>Wedding Car</li>
 	<li>Full Band &amp; Singer</li>
 	<li>Master of Ceremony (MC) Voucher</li>
 	<li>Food Testing for 10 persons</li>
 	<li>Standard Sound System</li>
 	<li>2 LCD Projector and Giant Screen</li>
 	<li>Glass Pyramid Wedding Toast with Free 2 Bottles of Sparkling Juice</li>
 	<li>Teapai with Free Decoration</li>
 	<li>Family Waiting Room</li>
 	<li>Coffee Break for Technical Meeting</li>
 	<li>Reception Table and Angpao Box</li>
 	<li>4 Guest Books and Pens</li>
 	<li>Ballroom Usage for 3 hours</li>
 	<li>Electricity Usage up to 10,000 Watts</li>
 	<li>5 VIP Parking</li>
 	<li>Pre-wedding Photo Venue at Hotel</li>
 	<li>Special Rate for Additional Rooms</li>
</ul>
<p><strong>Resepsi</strong></p>

<ul>
 	<li>Pakaian Resepsi By IDM, PPM2, Topan S</li>
 	<li>Melati Pengantin Resepsi + Sunting (Exc. Topan S)</li>
 	<li>2 bh Songket Ibu</li>
 	<li>2 bh Pakaian Rumpak Tanjak Bapak Resepsi</li>
</ul>
<p><strong>Akad</strong></p>

<ul>
 	<li>Pelaminan Akad By PPM2/naraya/hj nila</li>
 	<li>Hias Kamar Pengantin By PPM2/naraya/hj nila</li>
 	<li>Pakaian Akad By IDM, PPM2, Topan S</li>
 	<li>Melati Pengantin Akad + Sunting (Exc. Topan S)</li>
 	<li>2 bh Songket Ibu Akad</li>
 	<li>2 bh Pakaian Rumpak Tanjak Bapak Akad</li>
</ul>
<p><strong>Dokumentasi By Arsa, ink, Lenza</strong></p>

<ul>
 	<li>Photographer &amp; Video Shooting Akad dan Resepsi</li>
</ul>
<p><strong>Tata Rias By Miao Miao / Santi N / Ciqa R / Indah Asyha /yuki /cicik</strong></p>

<ul>
 	<li>Tata Rias Pengantin Akad Resepsi</li>
 	<li>Tata Rias Ibu Pengantin 2 Org Akad Resepsi</li>
</ul>
<p><strong>Hiburan</strong></p>

<ul>
 	<li>Band By soulmate, frazky</li>
 	<li>Tari Pembuka dan Kreasi</li>
 	<li>Mc Resepsi (1 Pasang )</li>
 	<li>Mc Akad (1 Org)</li>
</ul>
<p><strong>Lain Lain</strong></p>

<ul>
 	<li>Wedding Planner (Akad dan Resepsi)</li>
 	<li>Lulur Tangas</li>
 	<li> Henna</li>
 	<li>20 Kotak Hantaran + Hias</li>
</ul>
*tidak termasuk sarapan akad

<strong>Updated for 2025 by Fira</strong>",259650000,800,25000000
Makna Wedding & Event Planner,Paket Lengkap,INTIMATE WEDDING_FAVE GRAND BALLROOM_300 pax,"<strong>FASILITAS</strong>
<ol>
 	<li>Sriwijaya Grand Ballroom</li>
 	<li>8 Internasional/Indonesian Buffet Menu</li>
 	<li>1 Deluxe Premier for @1 night stay</li>
 	<li>2 Superior for @1 night stay</li>
 	<li>Exclusive Wedding Decoration</li>
 	<li>Master of Ceremonies 1 Person for reception</li>
 	<li>Keyboard &amp; Singer</li>
 	<li>Complimentary Coffee Break 10 pax for Technical Meeting</li>
 	<li>Food Tasting for 6 Persons</li>
 	<li>Electricity Usage up to 5.000 Watt</li>
 	<li>Reception Table with 2 Guest Books</li>
 	<li>Free Usage of Screen &amp; Projector</li>
 	<li>Free Parking for VIP 3 Cars</li>
 	<li>Free Usage of Hotel area for Pre-Wedding Photo Session</li>
</ol>
<strong>Akad</strong>
<ol>
 	<li>Pakaian Akad by IDM / Topan Sapta / PPM 2</li>
 	<li>Sunting, Melati Pengantin Akad (exc. Topan S)</li>
 	<li>2 pcs Songket Ibu Akad</li>
 	<li>2 pcs Pakaian Rumpak Tanjak Bapak Akad</li>
 	<li>1 Meja + 6 Kursi Akad</li>
</ol>
<strong>Resepsi</strong>
<ol>
 	<li>Pakaian Resepsi by IDM / Topan Sapta / PPM 2</li>
 	<li>Sunting, Melati Pengantin Resepsi (exc. Topan S)</li>
 	<li>2 pcs Songket Ibu</li>
 	<li>2 pcs Pakaian Rumpak Tanjak Bapak Resepsi</li>
</ol>
<strong>Dokumentasi By Kita Rindu/Luminore/ Lenza 1 Hari </strong>
<ol>
 	<li>Photographer &amp; Video Shooting Akad dan Resepsi 1 Hari</li>
</ol>
<strong>Tata Rias</strong>
<ol>
 	<li>Tata Rias Pengantin Akad dan Retouch Resepsi  (Ciqa / Miao Miao / Vini /Shanty /  Indah Asya)</li>
 	<li>Tata Rias Ibu Pengantin 2 Org Akad dan Resepsi  (Team MUA)</li>
 	<li>Hijab Do Ibu Pengantin 2 Org</li>
</ol>
<strong>Hiburan</strong>
<ol>
 	<li>Tari Persembahan &amp; Tari Kreasi</li>
 	<li>2 org MC Resepsi</li>
</ol>
<strong>Lain - Lain</strong>
<ol>
 	<li>20 Keranjang Hantaran by Bilbo, formysonhantaran</li>
 	<li>Henna by Lalazahenna, Ulie Ag, Viarthenna</li>
 	<li>Lulur &amp; Tangas</li>
 	<li>Wedding Planner + Organizer akad dan resepsi</li>
</ol>
*belum termasuk sarapan akad

Updated for 2026 by Fr",128000000,300,25000000
Makna Wedding & Event Planner,Paket Lengkap,AKAD SALATIN HOTEL_200 PAX,"<strong>FASILITAS
</strong>
<ul>
 	<li>Penggunaan Ruangan max. 4 jam</li>
 	<li>Buffet menu ayam, ikan, daging</li>
 	<li>Sound system standard</li>
 	<li>Free penggunaan listrik 5.000 watt</li>
</ul>
<strong>Dekorasi  by Hj Nila, Naraya, PPM 2</strong>
<ul>
 	<li>Dekorasi Akad</li>
 	<li>Meja Kursi Akad</li>
</ul>
<strong>Pakaian Akad Nikah by IDM, PPM II, Topan S</strong>
<ul>
 	<li>Pakaian Pengantin</li>
 	<li>Sunting, melati (exc. Topan S)</li>
 	<li>2 Songket Ibu</li>
 	<li>2 Beskap Rumpak Tanjak Bapak</li>
</ul>
<strong>Dokumentasi by Lenza, On Clay, Luxury, ink
</strong>
<ul>
 	<li>Photographer &amp; Videographer Akad</li>
</ul>
<strong>MUA </strong>
<ul>
 	<li>Makeup Pengantin Akad by Ciqarizka, dina y, vini, yuki, indah asha, ciciknia</li>
 	<li>Makeup 2 Mama by Team</li>
</ul>
<strong>Lain lain</strong>
<ul>
 	<li>1 Keyboard + Singer</li>
 	<li>1 Org MC Akad</li>
 	<li>Henna by Lalazahenna, Ulie Ag</li>
 	<li>Lulur Tangas</li>
 	<li>Kotak seserahan 10 akrilik, 10 rotan by Bilbo, formysonhantaran</li>
 	<li>WO Akad</li>
</ul>
<strong>*updated for 2025 by Hera</strong>",88500000,200,25000000
Makna Wedding & Event Planner,Paket Lengkap,BESTON HOTEL_1000 PAX,"<strong>FASILITAS</strong>
<ul>
 	<li>Wedding Stage Decoration &amp; Lighting</li>
 	<li>Gazebo, Mini Garden, Standing Flower, Melaminto Jalan, Foyer Decoration</li>
 	<li>Include Standard Lighting</li>
 	<li>12 Buffet Menu (2 Appetizer, 1 Soup, 1 Salad Bar, 6 Main Course, 2 Dessert)</li>
 	<li>Free 5 stall @100 Portion</li>
 	<li>1 Junior Suite Room for 2 Nights</li>
 	<li>10 Deluxe Rooms for 1 Night</li>
 	<li>Wedding Cake</li>
 	<li>Wedding Car</li>
 	<li>Full Band &amp; Singer</li>
 	<li>Master of Ceremony (MC) Voucher</li>
 	<li>Food Testing for 10 persons</li>
 	<li>Standard Sound System</li>
 	<li>2 LCD Projector and Giant Screen</li>
 	<li>Glass Pyramid Wedding Toast with Free 2 Bottles of Sparkling Juice</li>
 	<li>Teapai with Free Decoration</li>
 	<li>Family Waiting Room</li>
 	<li>Coffee Break for Technical Meeting</li>
 	<li>Reception Table and Angpao Box</li>
 	<li>4 Guest Books and Pens</li>
 	<li>Ballroom Usage for 3 hours</li>
 	<li>Electricity Usage up to 10,000 Watts</li>
 	<li>5 VIP Parking</li>
 	<li>Pre-wedding Photo Venue at Hotel</li>
 	<li>Special Rate for Additional Rooms</li>
</ul>
<strong>Resepsi</strong>
<ul>
 	<li>Pakaian Resepsi By IDM, PPM2, Topan S</li>
 	<li>Melati Pengantin Resepsi + Sunting (Exc. Topan S)</li>
 	<li>2 bh Songket Ibu</li>
 	<li>2 bh Pakaian Rumpak Tanjak Bapak Resepsi</li>
</ul>
<strong>Akad</strong>
<ul>
 	<li>Pelaminan Akad By PPM2/naraya/hj nila</li>
 	<li>Hias Kamar Pengantin By PPM2/naraya/hj nila</li>
 	<li>Pakaian Akad By IDM, PPM2, Topan S</li>
 	<li>Melati Pengantin Akad + Sunting (Exc. Topan S)</li>
 	<li>2 bh Songket Ibu Akad</li>
 	<li>2 bh Pakaian Rumpak Tanjak Bapak Akad</li>
</ul>
<strong>Dokumentasi By Arsa, ink, Lenza</strong>
<ul>
 	<li>Photographer &amp; Video Shooting Akad dan Resepsi</li>
</ul>
<strong>Tata Rias By Miao Miao / Santi N / Ciqa R / Indah Asyha /yuki /ciciknia</strong>
<ul>
 	<li>Tata Rias Pengantin Akad Resepsi</li>
 	<li>Tata Rias Ibu Pengantin 2 Org Akad Resepsi</li>
</ul>
<strong>Hiburan</strong>
<ul>
 	<li>Band By soulmate, frazky</li>
 	<li>Tari Pembuka dan Kreasi</li>
 	<li>Mc Resepsi (1 Pasang )</li>
 	<li>Mc Akad (1 Org)</li>
</ul>
<strong>Lain Lain</strong>
<ul>
 	<li>Wedding Planner (Akad dan Resepsi)</li>
 	<li>Lulur Tangas</li>
 	<li> Henna</li>
 	<li>20 Kotak Hantaran + Hias</li>
</ul>
*tidak termasuk sarapan akad

<strong>Updated by Fr for 2025</strong>",293000000,1000,25000000
Makna Wedding & Event Planner,Paket Lengkap,HOTEL ARISTA PALEMBANG_500 PAX,"<strong>Fasilitas</strong>
<ol>
 	<li>Buffet Menu 500 pax, arranged by chef</li>
 	<li>Penggunaan emporio &amp; piccolo 1 untuk 4 jam</li>
 	<li>1 kamar arista club untuk 2 malam</li>
 	<li>2 kamar superior untuk 1 malam</li>
 	<li>food tasting untuk 8 pax</li>
</ol>
<strong>Dekorasi Resepsi By HJ Nila, Naraya, PPM 2
</strong>
<ol>
 	<li>Pelaminan</li>
 	<li>Taman panggung</li>
 	<li>standing flower</li>
 	<li>gazebo</li>
 	<li>dekorasi meja registrasi</li>
 	<li>dekorasi meja photobooth</li>
</ol>
<strong>Akad</strong>
<ol>
 	<li>Pakaian Akad By Ricky IDM, Pinang Masak II, Topan Sapta</li>
 	<li>Melati Pengantin Akad + Sunting ( Exc. Topan )</li>
 	<li>2 pcs Songket Ibu Akad</li>
 	<li>2 pcs Pakaian Rumpak Tanjak Bapak Akad</li>
</ol>
<strong>Resepsi</strong>
<ol>
 	<li>Pakaian Resepsi By Ricky IDM, Pinang Masak II, Topan Sapta</li>
 	<li>Melati Pengantin Resepsi + Sunting ( Exc. Topan )</li>
 	<li>2 pcs Songket Ibu</li>
 	<li>2 pcs Pakaian Rumpak Tanjak Bapak Resepsi</li>
</ol>
<strong>Dokumentasi By Lenza, Arsa, ink, On Clay, Lenza
</strong>
<ol>
 	<li>Photographer &amp; Video Shooting Akad dan Resepsi</li>
</ol>
<strong>Tata Rias By Miao Miao / Ciqa R / Indah Asyha / Vini / yuki
</strong>
<ol>
 	<li>Tata Rias Pengantin Akad Resepsi</li>
 	<li>Tata Rias Ibu Pengantin 2 Org Akad Resepsi</li>
</ol>
<strong>Hiburan</strong>
<ol>
 	<li>Sound System Akad + Resepsi</li>
 	<li>Full Band + 3 Singer</li>
 	<li>Tari Pembuka dan Tari Kreasi</li>
 	<li>MC Resepsi 2 orang</li>
 	<li>MC Akad</li>
</ol>
<strong>Lain Lain</strong>
<ol>
 	<li>20 Kotak Hantaran + 1 Kotak Mas Kawin Free Hias By Bilbo, Formysons</li>
 	<li>Prosesi Adat (Palembangan)</li>
 	<li>Henna Lala Zahenna, Ulie AG</li>
 	<li>Lulur dan Tangas</li>
 	<li>Wedding Planner + Organizer Akad Resepsi By Makna Wedding</li>
 	<li>Wedding Book By Makna Wedding</li>
 	<li>Free 2 Orang Penerima Meja Tamu</li>
</ol>
*belum termasuk sarapan akad

<strong><em><b><i>Updated for 2025 by HR
</i></b></em></strong>",343500000,500,25000000
Makna Wedding & Event Planner,Paket Lengkap,EXCELTON HOTEL PALEMBANG_700 PAX,"<div class=""vc_column tdi_96 wpb_column vc_column_container tdc-column td-pb-span12"">
<div class=""wpb_wrapper"">
<div class=""td_block_wrap td_woo_product_tabs tdi_97 td-pb-border-top td_block_template_1"" data-td-block-uid=""tdi_97"">
<div class=""tdw-block-inner td-fix-index"">
<div>
<div id=""tab-description"" role=""tabpanel"" aria-labelledby=""tab-title-description"">

<strong>Fasilitas
</strong>

<strong>Nusantara Wedding Package </strong>
<ul>
 	<li>Food tasting for 6 (six) persons with the chosen menu</li>
 	<li>one function room for wedding coordination meeting with coffee and tea station</li>
 	<li>complimentary use the excelton hotel as your Pre-Wedding Photoshooth Venue</li>
 	<li>A lavish wedding buffet menu selection</li>
 	<li>One function room for family and comittee's holding room</li>
 	<li>Complimentary standard stage decoration / complimentary videotron valued at IDR 13.650.000</li>
 	<li>Customized decoration 1 (one) table for bride's</li>
 	<li>Complimentary keyboard player and solo singer</li>
 	<li>Complimentary MC Voucher IDR 500.000</li>
 	<li>Free 1 (One) Food stall for 100 persons</li>
 	<li>Complimentary wedding cake</li>
 	<li>Complimentary VIP Parking for 3 (three) cars</li>
 	<li>Premium quality sound system up to 10.000 watt</li>
 	<li>Complimentary 2 (two) LCD projector and 2 giant screen</li>
 	<li>Exclusive designed reception books with pens</li>
 	<li>Complimentary 1 (one) Club room for one night with two breakfast</li>
 	<li>Complimentary 2 (two) Deluxe Room for One Night with Two Breakfast</li>
 	<li>Special room rate for additional room or wedding guest</li>
</ul>
<strong>Pakaian Akad</strong>
<ul>
 	<li>Pakaian Pengantin Akad By IDM, PPM 2, Topan Sapta</li>
 	<li>Sunting, Melati Pengantin Akad (exc. Topan S)</li>
 	<li>2 bh Songket Ibu Akad</li>
 	<li>2 bh Pakaian Rumpak Tanjak Bapak Akad</li>
</ul>
<strong>Pakaian Resepsi</strong>
<ul>
 	<li>Pakaian Resepsi By IDM, PPM 2, Topan Sapta</li>
 	<li>Sunting, Melati Pengantin (exc. Topan S)</li>
 	<li>2 bh Songket Ibu</li>
 	<li>2 bh Pakaian Rumpak Tanjak Bapak Resepsi</li>
</ul>
<strong>MUA</strong>
<ul>
 	<li>MUA Pengantin Akad dan Resepsi By Shanty Nugraha / Indah Ashaa / Ciqarizka / Makeupxvini</li>
 	<li>MUA Ibu Pengantin 2 Org Akad dan Resepsi</li>
</ul>
<strong>Dokumentasi By Lenza, Arsa, Ink Photo          </strong>
<ul>
 	<li>Photographer &amp; Video Shooting Akad dan Resepsi</li>
</ul>
<strong>Hiburan</strong>
<ul>
 	<li>Tari Persembahan &amp; Tari Kreasi</li>
 	<li>Band + Singer</li>
 	<li>2 Org MC Resepsi</li>
 	<li>1 Org MC Akad</li>
</ul>
<strong>Dekorasi by Hj. Nila, Naraya, PPM 2
</strong>
<ul>
 	<li>Dekorasi Akad Nikah</li>
</ul>
<strong>Lain-Lain</strong>
<ul>
 	<li>20 item hantaran + 1 box cincin by Bilbo, formysonhantaran</li>
 	<li>Henna by lalazahenna, Ulie Ag, Viarthenna, niahennart</li>
 	<li>Lulur &amp; Tangas</li>
 	<li>Wedding Planner + Organizer 14 Crew (akad + resepsi)</li>
 	<li>Free 2 Orang Penerima Meja Tamu</li>
</ul>
*belum termasuk sarapan akad

<em><strong>(Update for 2025 by hr)</strong></em>

</div>
</div>
</div>
</div>
</div>
</div>",297250000,700,25000000
Makna Wedding & Event Planner,Paket Lengkap,HARPER HOTEL_1000 PAX,"<strong>FASILITAS</strong>
<ol>
 	<li>Buffet Menu 1000 pax</li>
 	<li>Sarapan Akad 100 Pax</li>
 	<li>1 Premiere Room 1 Night</li>
 	<li>5 Deluxe Room 1 Night</li>
 	<li>Grand Ballroom For 4 Hours</li>
 	<li>Electricity Usage Up To 10.000 Watts</li>
 	<li>Standard Sound System</li>
 	<li>Food Tasting For 6 Persons</li>
 	<li>Free Usage Of Giant Screen And Lcd Projector</li>
 	<li>VIP Room For Family</li>
 	<li>Special Price For Additional Room</li>
</ol>
<strong>AKAD</strong>
<ol>
 	<li>Pakaian Akad By PPM 2 / IDM / Topan Sapta</li>
 	<li>Pakaian Akad, Sunting, Melati (exc. Topan Sapta)</li>
 	<li>2 bh Songket Ibu Akad</li>
 	<li>2 bh Pakaian Rumpak Tanjak Bapak Akad</li>
</ol>
<strong>RESEPSI</strong>
<ol>
 	<li>Pakaian Resepsi By PPM 2 / IDM / Topan Sapta</li>
 	<li>Pakaian Resepsi, Sunting, Melati (exc. Topan Sapta)</li>
 	<li>2 bh Songket Ibu</li>
 	<li>2 bh Pakaian Rumpak Tanjak Bapak Resepsi</li>
</ol>
<strong>MUA</strong>
<ol>
 	<li>Tata Rias Pengantin Akad Resepsi By Ciqa R / Vini / Indah Asha / yukipratiwi / dina yustiana</li>
 	<li>Tata Rias Ibu Pengantin 2 Org</li>
</ol>
<strong>Dekorasi</strong>
<ol>
 	<li>Pelaminan Resepsi By Naraya, Ilook, Simplyline, F2K/Formson, Hj Nila Project, Anjar Wedding, Succes, Sister Frame, Glamour Wedding Planner</li>
 	<li>Mini Garden</li>
 	<li>Dekor Fotobooth</li>
 	<li>Standing Flower</li>
 	<li>Gazebo</li>
 	<li>Meja Kotak Angpao</li>
 	<li>Meja Kursi Akad</li>
</ol>
<strong>Dokumentasi By Lenza / On Clay / Luxury </strong>
<ol>
 	<li>Photographer &amp; Video Shooting Akad dan Resepsi</li>
</ol>
<strong>HIBURAN</strong>
<ol>
 	<li>Tari Persembahan &amp; Tari Kreasi</li>
 	<li>MC Resepsi 2 orang</li>
 	<li>MC Akad 1 orang</li>
 	<li>Full Band dan Soundman by Soulmate</li>
</ol>
<strong>LAIN LAIN</strong>
<ol>
 	<li>Hantaran 20 Buah By Bilbo, formysonhantaran</li>
 	<li>Lulur Tangas Perawatan Pengantin</li>
 	<li>Henna By Ulie AG / Lala Zahena / Viarthenna</li>
 	<li>WO Akad dan Resepsi</li>
</ol>
<strong>UPDATED FOR 2026 BY FR</strong>",323000000,1000,25000000
Makna Wedding & Event Planner,Paket Lengkap,SOMA_800 PAX,"<strong>FASILITAS GEDUNG</strong>
<ol>
 	<li>10 Menu Buffet (6 Menu Buffet &amp; 4 Stall)</li>
 	<li>1 Junior Suite Room &amp; 3 Superior room</li>
 	<li>Wedding Decoration SoMa (Stage, Gate &amp; Standing Flowers)</li>
 	<li>Photobooth Decoration with initial name</li>
 	<li>Listrik 10.000 Untuk 4 Jam (Pemakaian Diatas 10.000 watt, Akad Dikenakan Charge)</li>
 	<li>Giant Screen Projector &amp; JBL Concert Series Sound System &amp; Wireless Microphone</li>
 	<li>OLED TV wall</li>
 	<li>Digital Signage (Standing Photo For Prewedding Photograpy)</li>
 	<li>Reception Table with 4 Angpao Box &amp; Guest Book</li>
 	<li>VIP Room (Bridal Room dan Transit Family Room)</li>
 	<li>VIP Waiting Bridal Room</li>
 	<li>Wedding Car (Alphard) + Decor And Driver</li>
 	<li>Shuttle Bus : (Hi-Ace) Plus Driver (16 Seater) (radius 3 km, 2 kali penjemputan)</li>
 	<li>Terdapat Test Food Untuk 10 Orang</li>
 	<li>Music Entertainment: Full Band + 1 singer + saxophone</li>
 	<li>Voucher MC (1)</li>
</ol>
<strong>DOKUMENTASI by </strong><strong>On Clay/Luxury/Ink/Lenza/Arsa</strong>
<ul>
 	<li>Photographer &amp; Video Shooting Akad dan Resepsi</li>
</ul>
<strong>RESEPSI</strong>
<ol>
 	<li>Pakaian Resepsi By IDM, PPM II, Topan Sapta</li>
 	<li>Sunting + Melati Pengantin Resepsi (Exclude Topan S)</li>
 	<li>2 bh Songket Ibu</li>
 	<li>2 bh Pakaian Rumpak Tanjak Bapak Resepsi</li>
</ol>
<strong>AKAD</strong>
<ol>
 	<li>Pakaian Akad By IDM, PPM II, Topan Sapta</li>
 	<li>Sunting + Melati Pengantin Akad (Exclude Topan S)</li>
 	<li>2 bh Songket Ibu Akad</li>
 	<li>2 bh Pakaian Rumpak Tanjak Bapak Akad</li>
</ol>
<strong>TATA RIAS</strong>
<ol>
 	<li>Tata Rias Pengantin Akad dan Resepsi  By Miao Miao, Ciqa Rizka, Vini, ciciknia, Shanty N (1 Hari)</li>
 	<li>Tata Rias Ibu Pengantin 2 Org Akad dan Resepsi  By Team</li>
</ol>
<strong>HIBURAN</strong>
<ol>
 	<li>Tari Persembahan &amp; Tari Kreasi</li>
 	<li>2 Org MC Resepsi</li>
</ol>
<strong>LAIN - LAIN</strong>
<ol>
 	<li>Free 2 Kamar Hotel 1 Malam</li>
 	<li>Hantaran 10 Akrilik, 10 Rotan dan Kotak Emas Kawin by The Kayoe, Seadara, Bilbo</li>
 	<li>Lulur, Tangas by Idha Home Spa</li>
 	<li>Henna by Lala Zahenna, Ulie AG</li>
 	<li>Wedding Planner Akad dan Resepsi By Makna Wedding</li>
 	<li>Wedding Book</li>
</ol>
<strong>Note:</strong> Sudah termasuk sarapan akad 100 pax + charged akad 15jt

<em><strong>Updated for 2026 by RN
</strong></em>",288000000,800,25000000
Makna Wedding & Event Planner,Paket Lengkap,SANTIKA PREMIER PALEMBANG_800 PAX,"<strong>FASILITAS</strong>
<ul>
 	<li>11 (sembilan) pilihan menu prasmanan dengan 2 (dua) hidangan pembuka, 1 (satu) sup, 6 (lima) makanan utama, dan 2 (dua) hidangan penutup</li>
 	<li>Free 5 pilihanmenu stall @100 porsi/stall</li>
 	<li>Free Flow air Mineral</li>
 	<li>Free 1 kamar Pengantin (Premiere Room) untuk 1 malam, include breakfast untuk 2 orang</li>
 	<li>Free 2 kamar keluarga (Deluxe Room) untu k 1 malam, include breakfast untuk 2 orang</li>
 	<li>Free Penggunaan ballroom selama 5 jam</li>
 	<li>Free test food untuk 8 orang</li>
 	<li>Free sound system (maximum 10.000 watt)</li>
 	<li>Free Ruangan tunggu keluarga &amp; Pengantin</li>
 	<li>Free 1 unit LCD Proyektor &amp; Giant Screen ukuran 3x4 m</li>
 	<li>Free 3 bh Guest book dan standard meja penerima tamu</li>
 	<li>Free Pre-Wedding Photo venue di area umum Hotel selama 3 jam</li>
 	<li>Free Coffee break untuk 10 orang pada saat technical meeting</li>
</ul>
<strong>Dokumentasi by Lenza, Ink, on clay, merekah, kita rindu</strong>
<ul>
 	<li>Photographer &amp; Video Shooting Akad dan Resepsi</li>
</ul>
<strong>Pakaian Resepsi By IDM, topan, Putri Pinang Masak 2</strong>
<ul>
 	<li>Pakaian Resepsi  Pengantin</li>
 	<li>Melati dan Sunting Pengantin Resepsi</li>
 	<li>2 bh Songket Ibu</li>
 	<li>2 bh Pakaian Rumpak Tanjak Bapak Resepsi</li>
</ul>
<strong>Pakaian Akad By IDM, Topan, Putri Pinang Masak 2</strong>
<ul>
 	<li>Pakaian Akad Pengantin</li>
 	<li>Melati dan Sunting Pengantin Akad</li>
 	<li>2 bh Songket Ibu Akad</li>
 	<li>2 bh Pakaian Rumpak Tanjak Bapak Akad</li>
</ul>
<strong>Dekorasi by PPM 2, Hj. Nila, Naraya</strong>
<ul>
 	<li>Dekorasi Pelaminan Resepsi</li>
 	<li>Set Sofa Pengantin</li>
 	<li>Mini Garden</li>
 	<li>Standing Flower</li>
 	<li>Melaminto Jalan</li>
 	<li>Gazebo</li>
 	<li>Dekorasi Photobooth</li>
 	<li>Kotak Angpao</li>
</ul>
<strong>Hiburan</strong>
<ul>
 	<li>Full Band by Soulmate</li>
 	<li>Sound System</li>
 	<li>Tarian Persembahan dan kreasi</li>
 	<li>MC Resepsi 2 orang</li>
 	<li>MC akad 1 orang</li>
</ul>
<strong>MUA</strong>
<ul>
 	<li>MUA Pengantin by ciqarizka, makeupxvini, dina yustiana, yukipratiwi (1 hari)</li>
 	<li>MUA Ibu Pengantin 2 Org by Mom MUA Team</li>
</ul>
<strong>Lain - Lain</strong>
<ul>
 	<li>20 Kotak Hantaran, 1 kotak Emas Kawin dan Free Hias by bilbo, formysonhantaran</li>
 	<li>Henna by Nia Henna Art, ulie, lala zahenna</li>
 	<li>Lulur tangas</li>
 	<li>WO Akad Resepsi</li>
</ul>
*sudah termasuk sarapan akad 100 pax

<strong>updated for 2025 by RN</strong>",323000000,800,25000000
Makna Wedding & Event Planner,Paket Lengkap,HARMONY CONVENTION CENTER_500 PAX,"<strong>FASILITAS</strong>
<ul>
 	<li>Pemakaian Ballroom selama 8 jam</li>
 	<li>Pemakaian Kuang talent</li>
 	<li>Pemakaian Ruang Makeup/Pengantin</li>
 	<li>Free Penggunaan Videotron 4x8 m</li>
 	<li>Free penggunaan Ballroom untuk acara akad nikab dihari yang sama</li>
 	<li>Full Lighting (Parlet &amp; Moving Light)</li>
 	<li>Singer Keyboard + Singer</li>
 	<li>Standard sound system &amp; Wireless Microphone</li>
 	<li>Listrik 10.000 Watt</li>
 	<li>Kursi futura bersarung sebanyak 1000 pcs</li>
 	<li>GR 2 jam（kipas blower + AC nyala nanya unIC）</li>
 	<li>Panggung ukuran 12x4 m</li>
 	<li>Free Parkir</li>
</ul>
<strong>Dekorasi </strong>
<ul>
 	<li>Pelaminan Resepsi By PPM2, Hj Nila Project, Anjar Wedding, Succes, Sister Frame, Glamour Wedding Planner, Eviar, Qanita, Sanggar Seni Carana Ameh</li>
 	<li>Mini Garden</li>
 	<li>Dekor Fotobooth</li>
 	<li>Standing Flower</li>
 	<li>Dekor Penerima Tamu</li>
 	<li>Pelaminan Akad</li>
</ul>
<strong>Catering by hj nila, diraniga</strong>
<ul>
 	<li>500 pax: ayam, ikan daging</li>
</ul>
<strong>Dokumentasi On Clay, Kita Rindu, Lenza, Arsa, Luxury  </strong>
<ul>
 	<li>Photographer &amp; Video Shooting Akad dan Resepsi</li>
</ul>
<strong>Akad   </strong>
<ul>
 	<li>Pakaian Akad By Putri Pinang Masak II, IDM, Topan Sapta</li>
 	<li>Melati Pengantin Akad (exc. topan sapta)</li>
 	<li>2 pcs Songket Ibu Akad</li>
 	<li>2 pcs Pakaian Rumpak Tanjak Bapak Akad</li>
</ul>
<strong>Resepsi           </strong>
<ul>
 	<li>Dekorasi Pelaminan Resepsi By Harvest, Success, Simplyline</li>
 	<li>Pakaian Resepsi By Putri Pinang Masak II, IDM, Topan Sapta</li>
 	<li>Melati Pengantin Resepsi (exc. topan sapta)</li>
 	<li>2 pcs Songket Ibu Resepsi</li>
 	<li>2 pcs Pakaian Rumpak Tanjak Bapak Resepsi</li>
</ul>
<strong>Tata Rias       </strong>
<ul>
 	<li>Tata Rias Pengantin Akad dan Resepsi by Ciqa, Miao, Vini, Shanty, ciciknia, monikaashari (1 Hari)</li>
 	<li>Tata Rias Ibu Pengantin 2 Org Akad dan Resepsi</li>
</ul>
<strong>Hiburan          </strong>
<ul>
 	<li>Tari Persembahan &amp; Tari Kreasi</li>
 	<li>Band + 2 Singer by Soulmate, Frazky</li>
 	<li>2 Org MC Resepsi</li>
 	<li>1 org MC Akad</li>
</ul>
<strong>Lain - Lain       </strong>
<ul>
 	<li>Hantaran 10 Akrilik, 10 Rotan by Bilbo, formysonhantaran</li>
 	<li>Henna by lalazahenna, ulie ag</li>
 	<li>Wedding Book</li>
 	<li>Lulur, Tangas</li>
 	<li>Wedding Planner Akad dan Resepsi</li>
 	<li>Free 2 Orang Penerima Tamu</li>
</ul>
*belum termasuk sarapan akad

<strong>UPDATE 2025 - FD</strong>",208850000,500,25000000
Makna Wedding & Event Planner,Paket Lengkap,WYNDAM HOTEL BALLROOM_1.000 Pax,"<strong>Fasilitas</strong>
<ul>
 	<li style=""list-style-type: none;"">
<ol>
 	<li>Pilihan menu prasmanan dengan 1 makanan pembuka, 1 sup, 5 hidangan utama, makanan pelengkap, 1 makanan penutup</li>
 	<li>Sarapan Akad 200 Porsi</li>
 	<li>Menginap 1 malam di 1 kamar Excecutive Suite &amp; 3 kamar Deluxe Room termasuk 2 pax sarapan</li>
 	<li>Food tasting untuk 10 orang</li>
 	<li>Standar Sound System di Wyndham Grand Opi Ballroom</li>
 	<li>Penggunaan venue di Grand Opi Ballroom hingga 6 jam termasuk listrik 10.000 watts</li>
 	<li>Harga kamar special untuk keluarga dan teman di hari pernikahan</li>
 	<li>1 ruang tunggu VIP untuk keluarga &amp; 2 ruang entertain di area ballroom</li>
</ol>
</li>
</ul>
<strong>Dekorasi by Naraya, Hj Nila, PPM2, Glamour, Harvest</strong>
<ol>
 	<li>Dekorasi Pelaminan</li>
 	<li>Mini Garden</li>
 	<li>Standing Flower</li>
 	<li>Melaminto Jalan</li>
 	<li>Gazebo</li>
 	<li>Meja Kursi Akad</li>
 	<li>Dekorasi Photobooth</li>
</ol>
<strong>Dokumentasi By </strong><b>lenza, On Clay,Ink, Arsa, Luxury, Lig Art</b>
<ol>
 	<li>Photographer &amp; Video Shooting Akad dan Resepsi</li>
</ol>
<strong>Akad </strong>
<ol>
 	<li>Pakaian Akad By IDM, Topan Sapta, Pinang Masak II</li>
 	<li>Melati + Sunting (Excl. Topan)</li>
 	<li>2 bh Songket Ibu</li>
 	<li>2 bh Pakaian Rumpak Tanjak Bapak</li>
</ol>
<strong>Resepsi</strong>
<ol>
 	<li>Pakaian Resepsi By IDM, Topan Sapta, Pinang Masak II</li>
 	<li>Melati + Sunting (Excl. Topan)</li>
 	<li>2 bh Songket Ibu</li>
 	<li>2 bh Pakaian Rumpak Tanjak Bapak Resepsi</li>
</ol>
<strong>Tata Rias</strong>
<ol>
 	<li>Tata Rias Pengantin Akad dan Resepsi By MakeupxVini, Ciqa Rizka, Dina Yunistyana</li>
 	<li>Tata Rias Ibu Pengantin 2 Org Akad</li>
 	<li>Free Hijab Do Ibu Pengantin 2 Orang</li>
</ol>
<strong>Hiburan</strong>
<ol>
 	<li>Tari Persembahan &amp; Tari Kreasi</li>
 	<li>2 orang MC Resepsi</li>
 	<li>Full Band + 3 Singer</li>
</ol>
<strong>Lain - Lain </strong>
<ol>
 	<li>Wedding Planner Akad dan Resepsi By Makna Wedding</li>
 	<li>Henna by Nia Henna Art, Ulie AG, Lala Zahenna</li>
 	<li>Lulur dan Tangas by Idha Home Spa</li>
 	<li>20 Kotak Hantaran, 1 Kotak Mas kawin Free Dekor by Bilbo, formysonhanran</li>
 	<li>2 Orang Penerima Meja Tamu</li>
</ol>
<strong><em>Updated for 2026 by fr</em></strong>",347500000,1000,25000000
Makna Wedding & Event Planner,Paket Lengkap,GRHA LIMBERSA 1.000 PAX,"<strong>Fasilitas</strong>
<ol>
 	<li>Pemakaian Tempat 7 Jam</li>
 	<li>650 Kursi</li>
 	<li>10 VIP Round Table</li>
 	<li>Wifi dan Internet selama acara</li>
 	<li>Sound System</li>
 	<li>Pemakaian Listrik s/d 10.000 watt</li>
 	<li>Lighting standard</li>
 	<li>TV Stage 60 inch</li>
 	<li>Full AC</li>
 	<li>Tenda 6 unit uk 5x5 (Venue Garden</li>
 	<li>Transit House</li>
 	<li>Pengamanan Security 24 Jam</li>
</ol>
<strong>Catering by Hj. Nila, Diraniga
</strong>
<ol>
 	<li>Prasmanan Resepsi Ayam, Ikan, Daging 1000 Porsi</li>
 	<li>Sarapan Akad 100 Porsi</li>
</ol>
<strong>Dekorasi by Simplyline, Harvest, Succes</strong>
<ul>
 	<li>Pelaminan Standar 12 – 14 m</li>
 	<li>Mini Garden</li>
 	<li>Gazebo</li>
 	<li>Melaminto Putih (excl Simplyline)</li>
 	<li>Standing Flower</li>
 	<li>Meja Kursi Akad</li>
 	<li>Free 2 Kotak Angpao</li>
</ul>
<strong>Hiburan</strong>
<ol>
 	<li>2 Orang MC Resepsi</li>
 	<li>1 Orang MC Akad</li>
 	<li>Full Band + 2 Singer</li>
 	<li>Tari Persembahan &amp; Tari Kreasi By Sanggar Rumah Elok</li>
</ol>
<strong>Akad</strong>
<ol>
 	<li>Pakaian Akad By IDM / Topan Sapta / PPM II</li>
 	<li>Sunting Dan Melati Pengantin Akad ( Excl. Topan )</li>
 	<li>2 Bh Songket Selendang Ibu Akad</li>
 	<li>2 Bh Pakaian Rumpak Tanjak Bapak Akad</li>
</ol>
<strong>Resepsi</strong>
<ol>
 	<li>Pakaian Resepsi By IDM / Topan Sapta / PPM II</li>
 	<li>Sunting Dan Melati Pengantin Resepsi ( Excl. Topan )</li>
 	<li>2 Bh Songket Selendang Ibu Resepsi</li>
 	<li>2 Bh Pakaian Rumpak Tanjak Bapak Resepsi</li>
</ol>
<strong>Dokumentasi By Arsa, Luminore, Lenza, Ink, Kita Rindu</strong>

Photographer &amp; Video Shooting Akad Dan Resepsi

<strong>Tata Rias </strong>
<ol>
 	<li>Tata Rias Pengantin Akad Dan Resepsi By Vini / Ciqa Rizka/ Yuki Pratiwi/ Dina Yustyana</li>
 	<li>Tata Rias Ibu Pengantin 2 Org</li>
</ol>
<strong>Lain – Lain</strong>
<ol>
 	<li>20 Keranjang Hantaran + 1 Kotak Mas Kawin By Bilbo / Formyson</li>
 	<li>Henna By Ulie AG, Lala Zahenna, Viarthenna</li>
 	<li>Lulur &amp; Tangas</li>
 	<li>Free 2 Kamar Hotel</li>
 	<li>Wedding Planner + Organizer (Akad + Resepsi)</li>
</ol>
Updated for 2026 by FR",190000000,1000,25000000
